00:30:53.94,-46,67,992,-210,280,-280,144,-91,-336,1005.95,41.01,2.78,-3.65
00:30:53.94,-45,65,991,-210,70,-280,144,-88,-337,1005.95,41.01,2.77,-3.66
00:30:53.96,-48,65,993,-280,210,-280,144,-84,-337,1005.93,41.01,2.77,-3.66
00:30:53.97,-52,65,993,-210,280,-210,145,-91,-337,1005.93,41.01,2.79,-3.67
00:30:53.98,-49,68,991,-140,140,-280,144,-90,-340,1005.93,41.01,2.80,-3.69
00:30:53.99,-48,68,991,-210,140,-280,144,-84,-342,1005.93,41.01,2.79,-3.71
00:30:54.00,-49,64,991,-350,140,-280,144,-88,-337,1005.93,41.01,2.80,-3.70
00:30:54.01,-49,63,993,-280,280,-280,142,-88,-336,1005.93,41.01,2.80,-3.70
00:30:54.02,-48,63,996,-210,0,-280,144,-84,-339,1005.93,41.01,2.79,-3.69
00:30:54.03,-45,62,992,-140,280,-280,139,-90,-342,1005.93,41.01,2.78,-3.68
00:30:54.04,-48,60,992,-210,210,-280,138,-93,-336,1005.93,41.01,2.78,-3.65
00:30:54.05,-49,63,993,-210,140,-350,145,-85,-333,1005.96,41.01,2.78,-3.65
00:30:54.06,-51,62,991,-140,210,-280,145,-90,-337,1005.96,41.01,2.80,-3.64
00:30:54.07,-50,64,992,-140,210,-280,138,-93,-336,1005.96,41.01,2.81,-3.65
00:30:54.08,-50,64,992,-140,70,-280,150,-93,-328,1005.96,41.01,2.81,-3.65
00:30:54.09,-47,64,992,-140,210,-210,151,-90,-340,1005.97,41.01,2.80,-3.65
00:30:54.10,-48,67,994,-140,70,-280,151,-88,-342,1005.97,41.01,2.80,-3.67
00:30:54.11,-47,66,992,-140,70,-350,147,-90,-339,1005.97,41.01,2.79,-3.69
00:30:54.12,-51,67,991,-280,280,-280,147,-94,-331,1005.97,41.01,2.81,-3.70
00:30:54.13,-54,67,991,-70,210,-350,139,-88,-343,1005.93,41.01,2.84,-3.72
00:30:54.14,-44,66,992,-140,0,-280,141,-90,-337,1005.93,41.01,2.81,-3.73
00:30:54.16,-46,65,990,-210,280,-280,150,-96,-346,1005.93,41.01,2.79,-3.73
00:30:54.16,-47,61,995,-350,0,-280,156,-91,-337,1005.93,41.01,2.78,-3.70
00:30:54.17,-46,59,992,-140,140,-280,138,-87,-331,1005.91,41.01,2.77,-3.67
00:30:54.19,-47,57,993,-280,420,-280,138,-88,-342,1005.91,41.01,2.77,-3.65
00:30:54.19,-50,58,995,-140,70,-280,138,-88,-337,1005.91,41.01,2.77,-3.63
00:30:54.21,-47,61,992,-140,70,-280,147,-91,-337,1005.91,41.01,2.77,-3.63
00:30:54.22,-49,63,992,-70,350,-210,139,-93,-345,1005.92,41.01,2.78,-3.63
00:30:54.23,-50,65,995,-140,70,-280,141,-94,-340,1005.92,41.01,2.78,-3.64
00:30:54.24,-46,64,991,-140,-70,-210,145,-90,-340,1005.92,41.01,2.78,-3.64
00:30:54.25,-46,79,999,210,140,-210,142,-91,-340,1005.92,41.01,2.77,-3.69
00:30:54.26,-62,53,999,-980,840,-280,138,-87,-339,1005.97,41.01,2.81,-3.65
00:30:54.27,-51,66,991,910,-280,-280,141,-94,-334,1005.97,41.01,2.82,-3.67
00:30:54.28,-47,65,990,-700,-140,-350,141,-88,-345,1005.97,41.01,2.81,-3.67
00:30:54.29,-49,60,996,140,280,-280,138,-88,-340,1005.97,41.01,2.81,-3.66
00:30:54.30,-46,68,992,-210,210,-350,142,-91,-336,1005.97,41.01,2.80,-3.67
00:30:54.31,-41,57,993,-280,-210,-280,139,-96,-331,1006.00,41.01,2.78,-3.65
00:30:54.32,-49,60,995,-630,210,-280,141,-87,-340,1006.00,41.01,2.78,-3.64
00:30:54.33,-48,59,995,0,0,-350,154,-90,-334,1006.00,41.01,2.78,-3.63
00:30:54.34,-46,70,989,210,70,-280,150,-100,-337,1006.00,41.01,2.77,-3.65
00:30:54.35,-50,62,991,-560,210,-280,147,-93,-333,1005.97,41.01,2.78,-3.64
00:30:54.36,-52,66,996,70,140,-280,132,-88,-337,1005.97,41.01,2.79,-3.65
00:30:54.37,-48,66,992,-140,70,-280,145,-78,-339,1005.97,41.01,2.79,-3.66
00:30:54.38,-47,70,992,-280,140,-280,145,-91,-333,1005.97,41.01,2.78,-3.67
00:30:54.39,-48,65,993,-280,140,-280,144,-93,-340,1005.96,41.01,2.78,-3.67
00:30:54.41,-45,62,991,-210,140,-280,148,-93,-336,1005.96,41.01,2.77,-3.67
00:30:54.41,-49,65,993,-280,350,-280,142,-91,-346,1005.96,41.01,2.77,-3.67
00:30:54.42,-51,62,995,-350,210,-280,151,-94,-334,1005.96,41.01,2.79,-3.66
00:30:54.44,-48,60,992,-140,280,-280,144,-85,-340,1005.96,41.01,2.79,-3.64
00:30:54.44,-49,62,995,-210,0,-280,154,-91,-333,1005.96,41.01,2.79,-3.63
00:30:54.46,-43,60,993,-140,0,-210,144,-94,-340,1005.96,41.01,2.76,-3.62
00:30:54.47,-46,60,990,-210,350,-210,150,-93,-343,1005.96,41.01,2.75,-3.60
00:30:54.48,-49,61,993,-210,140,-280,142,-94,-336,1005.96,41.01,2.76,-3.59
00:30:54.49,-58,58,1002,490,-840,-280,138,-91,-343,1005.96,41.01,2.78,-3.58
00:30:54.50,-47,65,990,1260,-1960,-210,141,-85,-328,1005.96,41.01,2.75,-3.61
00:30:54.51,-39,74,979,770,-770,-210,150,-88,-339,1005.96,41.01,2.72,-3.65
00:30:54.52,-47,71,988,-700,1120,-280,139,-93,-340,1005.96,41.02,2.73,-3.67
00:30:54.53,-58,61,1005,-350,-70,-420,141,-88,-334,1005.96,41.02,2.76,-3.65
00:30:54.54,-49,65,995,700,-1680,-350,144,-88,-336,1005.96,41.02,2.74,-3.67
00:30:54.55,-37,75,975,-1260,1120,-210,144,-94,-336,1005.96,41.02,2.73,-3.69
00:30:54.56,-53,60,993,-2520,2450,-350,151,-88,-336,1005.94,41.02,2.76,-3.66
00:30:54.57,-49,65,994,-1750,2030,-350,139,-90,-337,1005.94,41.02,2.78,-3.64
00:30:54.58,-46,62,991,-2310,2240,-350,136,-88,-327,1005.94,41.02,2.80,-3.62
00:30:54.59,-53,58,996,-1680,2380,-280,145,-90,-340,1005.94,41.03,2.83,-3.59
00:30:54.60,-55,53,1008,-560,840,-280,139,-82,-339,1005.94,41.03,2.85,-3.56
00:30:54.61,-57,55,1002,1260,-1190,-210,154,-93,-339,1005.94,41.03,2.85,-3.56
00:30:54.62,-46,62,994,1750,-2100,-210,153,-90,-342,1005.94,41.03,2.82,-3.58
00:30:54.63,-46,68,988,1610,-1470,-210,151,-94,-340,1005.94,41.03,2.80,-3.61
00:30:54.64,-47,70,987,910,-770,-280,136,-81,-336,1005.94,41.03,2.79,-3.64
00:30:54.66,-43,69,983,-350,280,-280,145,-82,-336,1005.96,41.03,2.78,-3.65
00:30:54.66,-51,62,997,70,-70,-280,150,-87,-333,1005.96,41.03,2.78,-3.65
00:30:54.67,-46,66,991,210,-210,-210,145,-87,-342,1005.96,41.03,2.77,-3.66
00:30:54.69,-47,66,990,-140,140,-280,139,-85,-337,1005.96,41.03,2.77,-3.67
00:30:54.69,-49,66,993,-280,210,-280,135,-84,-334,1005.97,41.03,2.77,-3.67
00:30:54.71,-48,62,995,-350,70,-280,136,-87,-339,1005.97,41.03,2.77,-3.66
00:30:54.72,-49,64,992,-210,210,-280,142,-90,-340,1005.97,41.03,2.78,-3.66
00:30:54.73,-48,62,993,-70,0,-280,144,-91,-343,1005.97,41.03,2.77,-3.66
00:30:54.74,-47,65,991,-140,140,-280,142,-90,-331,1005.96,41.03,2.77,-3.66
00:30:54.75,-49,63,994,-350,280,-280,148,-90,-328,1005.96,41.03,2.77,-3.66
00:30:54.76,-48,64,995,-70,70,-280,135,-93,-327,1005.96,41.03,2.77,-3.66
00:30:54.77,-49,63,991,-70,140,-210,147,-94,-333,1005.96,41.03,2.78,-3.66
00:30:54.78,-49,63,991,-280,210,-280,148,-87,-339,1005.92,41.03,2.78,-3.66
00:30:54.79,-49,62,994,-210,210,-280,142,-91,-342,1005.92,41.03,2.79,-3.65
00:30:54.80,-49,63,993,-210,0,-280,147,-91,-333,1005.92,41.03,2.79,-3.64
00:30:54.81,-48,66,994,-70,70,-210,145,-88,-331,1005.92,41.03,2.78,-3.66
00:30:54.82,-47,66,990,-140,140,-350,151,-85,-340,1005.93,41.03,2.78,-3.67
00:30:54.83,-51,59,1002,-210,140,-280,147,-97,-340,1005.93,41.03,2.79,-3.64
00:30:54.84,-46,73,983,0,140,-210,141,-97,-337,1005.93,41.03,2.78,-3.70
00:30:54.85,-43,71,986,-1820,700,-280,141,-96,-337,1005.93,41.03,2.77,-3.71
00:30:54.86,-48,60,993,-2100,1470,-280,144,-91,-339,1005.93,41.03,2.78,-3.68
00:30:54.87,-54,58,1000,-1400,1190,-280,136,-87,-345,1005.94,41.03,2.81,-3.65
00:30:54.89,-50,61,996,-700,210,-210,145,-82,-345,1005.94,41.03,2.81,-3.63
00:30:54.89,-56,56,1004,2030,-1680,280,144,-93,-337,1005.94,41.03,2.81,-3.63
00:30:54.91,-47,91,978,2170,-2100,700,142,-93,-343,1005.94,41.03,2.79,-3.73
00:30:54.92,-34,134,959,-770,1680,4410,150,-87,-334,1005.95,41.03,2.77,-3.93
00:30:54.92,-24,146,973,-2450,6790,10080,151,-87,-339,1005.95,40.98,2.77,-4.12
00:30:54.94,-34,82,999,-2590,7840,12390,142,-85,-336,1005.95,39.89,2.77,-4.16
00:30:54.95,-69,-26,1010,1750,-1120,7910,139,-96,-333,1005.95,41.96,2.72,-4.02
00:30:54.96,-80,-9,994,2310,-1680,2590,144,-93,-330,1006.00,41.34,2.72,-3.94
00:30:54.97,-49,71,989,2940,-1470,0,145,-93,-339,1006.00,41.32,2.63,-4.04
00:30:54.98,-41,72,981,1400,-350,-140,148,-87,-336,1006.00,40.70,2.54,-4.13
00:30:54.99,-48,68,991,910,1050,-280,144,-88,-328,1006.00,40.65,2.51,-4.18
00:30:55.00,-40,67,982,210,2030,-280,148,-90,-340,1006.00,40.59,2.46,-4.22
00:30:55.01,-44,53,1002,1260,3780,-210,139,-91,-328,1006.00,40.55,2.48,-4.20
00:30:55.02,-54,52,1020,6020,3920,70,142,-93,-340,1006.00,40.52,2.53,-4.21
00:30:55.03,-40,113,1027,11970,2590,2870,141,-90,-330,1006.00,40.58,2.55,-4.42
00:30:55.05,-43,93,995,27650,5880,18830,156,-87,-339,1005.93,40.42,2.59,-4.73
00:30:55.05,-84,-3,1045,36680,7700,18900,142,-85,-337,1005.93,40.43,2.63,-4.99
00:30:55.07,-107,-48,1056,46480,6510,12320,142,-81,-342,1005.93,40.39,2.64,-5.32
00:30:55.08,-98,10,1068,52920,2450,4550,156,-78,-339,1005.93,40.02,2.68,-5.75
00:30:55.09,-41,158,1007,56000,-4970,-210,147,-76,-334,1005.90,40.15,2.60,-6.40
00:30:55.10,-37,221,1021,59710,-7350,5670,136,-70,-331,1005.90,40.41,2.47,-7.17
00:30:55.11,-25,217,1041,64750,-8820,13160,145,-58,-342,1005.90,40.15,2.26,-7.99
00:30:55.12,-32,241,1088,70560,-13370,17500,157,-57,-324,1005.90,39.84,2.14,-8.80
00:30:55.14,-90,289,1122,67550,-20230,16450,141,-54,-331,1005.92,39.67,1.88,-9.51
00:30:55.14,-81,318,1056,69020,-26880,10360,160,-40,-325,1005.92,39.58,1.76,-10.43
00:30:55.16,-33,325,989,73850,-28700,9030,148,-33,-321,1005.92,39.54,1.52,-11.41
00:30:55.17,-31,275,1088,95060,-25900,22820,151,-22,-330,1005.93,38.96,1.18,-12.42
00:30:55.18,-11,341,1082,104230,-27650,28420,150,-18,-324,1005.93,38.43,0.85,-13.50
00:30:55.19,16,434,1021,102480,-29680,30100,139,-18,-313,1005.93,38.36,0.55,-14.81
00:30:55.20,92,398,868,98000,-30940,32270,142,-4,-316,1005.93,37.89,0.06,-16.01
00:30:55.21,38,17,880,112000,-18900,23870,147,9,-312,1005.94,36.80,-0.38,-16.76
00:30:55.22,0,45,1018,115150,-13790,16660,139,13,-309,1005.94,35.91,-0.73,-17.50
00:30:55.23,44,112,1175,112210,-19530,20090,138,28,-301,1005.94,35.48,-0.99,-18.69
00:30:55.25,105,155,1250,101920,-25410,25130,138,27,-300,1005.94,35.07,-1.31,-19.75
00:30:55.26,186,303,1210,74200,-35140,32830,142,43,-298,1005.93,34.52,-1.75,-20.57
00:30:55.27,207,451,1085,68250,-34090,33320,148,46,-283,1005.93,34.03,-2.12,-21.33
00:30:55.28,139,592,1027,76650,-30870,33950,135,48,-282,1005.93,33.54,-2.51,-22.15
00:30:55.29,-49,732,1112,95270,-37730,41230,135,49,-279,1005.93,33.01,-2.98,-23.15
00:30:55.30,96,434,636,127330,-63770,37940,130,67,-256,1005.95,32.47,-3.73,-24.50
00:30:55.31,-18,516,649,149310,-46970,25830,126,76,-253,1005.95,32.04,-4.28,-26.08
00:30:55.32,-85,632,895,175420,-47810,33600,121,85,-232,1005.95,32.50,-4.28,-28.35
00:30:55.33,196,473,677,191240,-57890,40880,117,99,-226,1005.95,31.84,-5.12,-30.31
00:30:55.34,81,424,842,220080,-5740,7350,117,109,-216,1005.96,31.31,-5.36,-32.44
00:30:55.35,151,360,807,233940,1960,-6440,112,130,-211,1005.96,30.44,-5.82,-34.54
00:30:55.37,73,622,1005,241150,11970,-13720,115,145,-195,1005.96,30.29,-5.69,-37.13
00:30:55.38,47,735,1142,237790,-2450,2590,108,144,-177,1005.96,29.95,-5.85,-39.63
00:30:55.39,192,577,829,210210,-44520,43470,105,160,-171,1005.94,28.34,-7.33,-41.48
00:30:55.40,169,512,591,196280,-42350,32480,100,165,-159,1005.94,27.56,-8.21,-43.55
00:30:55.41,100,618,468,196840,-25900,9870,102,183,-144,1005.94,27.03,-8.73,-45.75
00:30:55.42,30,753,516,218400,-11550,-3920,108,180,-136,1005.94,27.36,-8.46,-48.49
00:30:55.43,8,691,531,269640,-8750,-17290,99,189,-115,1005.93,27.60,-8.21,-51.57
00:30:55.44,12,817,510,277690,-8400,-25970,109,210,-105,1005.93,28.04,-7.78,-54.89
00:30:55.46,30,859,464,278180,-5180,-31010,115,219,-84,1005.93,28.43,-7.33,-58.20
00:30:55.47,68,951,429,271600,9940,-38710,103,226,-64,1005.93,28.55,-7.00,-61.42
00:30:55.48,56,976,474,279860,12740,-28980,106,250,-31,1005.94,28.30,-6.89,-64.72
00:30:55.49,62,926,464,282660,13230,-15050,111,241,-13,1005.94,27.60,-7.17,-67.86
00:30:55.50,24,782,450,277830,18620,-11830,106,244,3,1005.94,26.74,-7.54,-70.79
00:30:55.51,36,917,452,261940,17850,-5740,111,252,24,1005.94,25.48,-8.27,-73.61
00:30:55.52,65,855,342,244860,20300,-770,114,259,33,1005.94,23.19,-9.96,-76.32
00:30:55.53,35,873,343,230230,22540,-5320,112,253,54,1005.94,20.99,-11.56,-78.85
00:30:55.55,-61,816,287,227430,5740,-13790,112,252,79,1005.94,20.25,-11.89,-81.55
00:30:55.56,-115,755,169,223790,-2240,-22470,112,252,84,1005.95,16.72,-15.09,-84.40
00:30:55.57,-122,728,135,218050,-4830,-30590,120,256,100,1005.95,8.39,-23.06,-87.30
00:30:55.58,-39,819,90,203070,-4480,-36540,115,270,118,1005.95,267.17,-123.83,-89.14
00:30:55.59,121,1019,28,143920,2100,-19600,121,253,132,1005.95,227.08,-163.35,-87.22
00:30:55.60,65,906,-15,124110,5110,-1260,109,252,132,1005.94,221.91,-168.02,-85.31
00:30:55.62,-74,687,-118,119000,15470,8750,117,256,144,1005.94,218.35,-170.92,-83.25
00:30:55.62,-164,628,-62,102340,33740,-7980,112,256,159,1005.94,215.73,-172.75,-81.47
00:30:55.64,107,882,-125,92120,36680,-5250,115,258,156,1005.94,215.20,-172.49,-79.90
00:30:55.65,100,837,-57,92610,38990,-6510,120,247,162,1005.93,213.51,-173.44,-78.43
00:30:55.66,77,786,38,96670,35350,-12320,120,247,168,1005.93,211.90,-174.36,-76.93
00:30:55.67,148,824,202,93870,16800,-24570,124,246,172,1005.93,211.99,-173.72,-76.27
00:30:55.68,173,833,246,87850,3500,-29610,121,250,181,1005.93,212.28,-172.92,-75.70
00:30:55.69,190,925,174,71750,-10150,-31780,132,249,183,1005.93,212.16,-172.58,-75.11
00:30:55.71,-4,879,20,33250,-33670,-26670,124,246,177,1005.93,210.17,-174.26,-74.30
00:30:55.72,-7,922,-81,20160,-40180,-26040,132,244,184,1005.93,208.17,-175.98,-73.40
00:30:55.73,15,1016,-142,8890,-42770,-23590,133,255,187,1005.93,206.90,-177.07,-72.70
00:30:55.74,-17,1130,-236,5460,-43470,-12740,132,247,189,1005.88,206.08,-177.83,-71.95
00:30:55.75,21,1208,-294,8190,-40740,-2030,136,243,192,1005.88,205.56,-178.28,-71.15
00:30:55.76,50,1135,-331,8540,-29890,7700,144,253,190,1005.88,205.22,-178.39,-70.26
00:30:55.78,50,1063,-259,6300,-14280,9940,138,240,195,1005.86,205.05,-178.03,-69.37
00:30:55.79,87,1077,-59,-4550,3920,10220,135,247,187,1005.86,205.25,-177.14,-69.09
00:30:55.80,60,1071,-27,-4900,-490,13440,135,252,187,1005.86,205.37,-176.38,-68.86
00:30:55.81,-9,1037,-41,210,-10500,14910,141,256,181,1005.86,205.03,-176.20,-68.55
00:30:55.82,-16,1034,-235,7420,-23800,1960,129,247,193,1005.90,204.50,-176.36,-67.92
00:30:55.83,12,1115,-283,7630,-23170,-3150,139,241,190,1005.90,203.84,-176.68,-67.11
00:30:55.85,63,1205,-291,9310,-19390,-770,138,249,198,1005.90,203.31,-176.77,-66.17
00:30:55.85,31,1031,-268,20720,-12530,3990,141,247,199,1005.90,202.85,-176.69,-65.43
00:30:55.87,54,963,-257,14560,-3500,2730,133,240,199,1005.93,202.60,-176.36,-64.85
00:30:55.88,23,882,-188,3360,6510,4410,141,250,192,1005.93,202.20,-176.10,-64.49
00:30:55.89,8,904,-131,-18340,13300,6370,139,247,195,1005.93,201.81,-175.75,-64.46
00:30:55.90,108,992,-157,-23870,14700,7770,129,243,199,1005.93,201.92,-174.87,-64.49
00:30:55.91,117,1053,-181,-23870,16590,12040,135,246,192,1005.95,202.04,-174.01,-64.54
00:30:55.92,60,999,-226,-14490,28980,15400,126,237,193,1005.95,202.09,-173.19,-64.47
00:30:55.94,24,956,-116,-5250,28420,9170,133,238,190,1005.95,201.77,-172.71,-64.47
00:30:55.95,35,958,-73,4340,22540,3430,133,241,186,1005.97,201.35,-172.38,-64.51
00:30:55.96,59,1023,-56,12530,11200,5530,136,244,193,1005.97,200.95,-172.05,-64.47
00:30:55.97,39,963,-139,20650,9800,3990,127,235,193,1005.97,200.53,-171.84,-64.26
00:30:55.98,17,954,-153,21630,10010,280,129,240,193,1005.97,199.96,-171.79,-64.01
00:30:56.00,11,959,-159,17500,11620,-1750,129,246,192,1005.95,199.37,-171.73,-63.81
00:30:56.01,73,968,-95,-4410,16450,1120,132,241,189,1005.95,199.06,-171.32,-63.97
00:30:56.02,72,948,-38,-17150,15190,3360,129,241,192,1005.95,198.87,-170.77,-64.32
00:30:56.03,64,948,20,-24990,8680,5180,124,237,195,1005.95,198.75,-170.20,-64.80
00:30:56.04,66,1017,-76,-22610,-4620,8750,124,247,190,1005.95,198.73,-169.72,-65.12
00:30:56.05,47,1021,-150,-18900,-8610,7630,129,235,187,1005.95,198.52,-169.55,-65.33
00:30:56.07,29,988,-190,-13930,-9450,6720,118,243,184,1005.95,198.37,-169.37,-65.43
00:30:56.08,3,917,-194,-2870,-6510,3010,126,240,190,1005.95,197.89,-169.46,-65.37
00:30:56.09,17,953,-201,-840,-3920,1750,130,243,186,1005.96,197.39,-169.54,-65.33
00:30:56.10,32,976,-200,-840,-700,2450,126,246,190,1005.96,196.99,-169.45,-65.28
00:30:56.11,30,963,-189,-1330,2170,2240,120,249,184,1005.96,196.69,-169.26,-65.31
00:30:56.12,84,968,-105,-4970,6020,980,118,235,180,1005.97,196.55,-168.85,-65.55
00:30:56.14,110,964,-115,-11830,7210,2520,135,243,186,1005.97,196.38,-168.39,-65.78
00:30:56.15,97,1009,-86,-24640,7840,3920,126,246,186,1005.97,196.36,-167.75,-66.20
00:30:56.16,44,993,-82,-36610,2030,9030,121,234,178,1005.97,196.40,-167.24,-66.78
00:30:56.17,29,974,-128,-29890,350,5180,117,246,184,1005.92,196.30,-166.85,-67.13
00:30:56.18,31,1000,-139,-20090,700,1120,121,238,178,1005.92,196.00,-166.70,-67.42
00:30:56.19,69,1065,-165,-10710,5390,3640,121,247,178,1005.92,195.84,-166.32,-67.60
00:30:56.20,53,1006,-140,-8680,6650,4900,118,243,172,1005.92,195.71,-165.96,-67.81
00:30:56.21,38,936,-100,-7140,7140,3570,124,246,163,1005.86,195.50,-165.70,-68.05
00:30:56.23,44,907,-64,-14490,7630,910,120,240,166,1005.86,195.32,-165.39,-68.39
00:30:56.24,94,923,-13,-22470,7980,1680,117,249,175,1005.86,195.43,-164.67,-68.82
00:30:56.25,101,907,10,-30030,7210,2030,121,247,169,1005.86,195.63,-163.89,-69.36
00:30:56.26,72,877,22,-36610,4900,280,130,246,172,1005.94,195.59,-163.36,-69.94
00:30:56.27,32,931,18,-58100,-700,-4900,120,253,169,1005.94,195.58,-162.88,-70.74
00:30:56.28,52,915,-8,-69510,-3010,-5530,117,250,168,1005.94,195.76,-162.27,-71.55
00:30:56.30,66,868,2,-72380,-5320,-6510,126,256,154,1005.94,196.03,-161.66,-72.38
00:30:56.31,77,897,101,-76090,-10780,-10640,129,249,154,1006.00,196.29,-161.05,-73.37
00:30:56.32,86,930,122,-87430,-12600,-11410,129,265,150,1006.00,196.84,-160.14,-74.45
00:30:56.33,67,922,122,-105770,-13860,-12390,120,250,145,1006.00,197.74,-158.96,-75.73
00:30:56.34,63,934,152,-154980,-14210,-13510,133,253,121,1005.95,199.62,-156.89,-77.53
00:30:56.35,92,1015,197,-176750,-14280,-9870,123,259,109,1005.95,203.33,-153.03,-79.48
00:30:56.37,106,1133,207,-194670,-17850,-700,132,249,97,1005.95,208.32,-148.15,-81.08
00:30:56.38,39,1143,159,-217770,-22680,26250,129,261,84,1005.95,218.12,-138.52,-82.56
00:30:56.39,16,1131,65,-218260,-23870,34160,126,256,82,1005.92,232.34,-124.45,-83.66
00:30:56.40,-41,932,-5,-212170,-19810,25690,127,256,57,1005.92,250.44,-106.49,-84.48
00:30:56.41,-59,956,54,-194320,-18340,5250,123,249,51,1005.92,270.56,-86.44,-84.87
00:30:56.42,86,1168,167,-170450,-16030,-6580,114,250,30,1005.92,287.98,-69.18,-84.58
00:30:56.44,118,1197,231,-166040,-17220,3640,120,250,24,1005.95,301.68,-55.64,-83.83
00:30:56.44,93,1092,267,-162260,-18200,11340,124,252,12,1005.95,311.45,-46.03,-82.78
00:30:56.46,50,932,380,-152600,-21560,7070,114,240,7,1005.95,320.64,-36.90,-81.40
00:30:56.47,72,883,411,-148120,-23800,3220,118,243,-6,1005.95,327.10,-30.53,-79.88
00:30:56.48,97,892,469,-150360,-25130,2310,118,246,-18,1005.95,331.85,-25.91,-78.18
00:30:56.49,122,901,470,-159810,-24850,3500,115,243,-31,1005.95,335.26,-22.67,-76.33
00:30:56.50,119,883,525,-172690,-21630,10570,117,231,-40,1005.95,337.98,-20.07,-74.24
00:30:56.51,114,817,549,-176260,-21000,9100,114,238,-45,1005.96,340.11,-18.06,-72.08
00:30:56.53,111,785,558,-185360,-17360,-210,115,229,-57,1005.96,342.12,-16.16,-69.87
00:30:56.54,157,886,642,-196280,-18620,1890,106,222,-73,1005.96,343.58,-14.89,-67.52
00:30:56.55,147,892,642,-211330,-19250,5670,117,219,-91,1005.96,344.87,-13.83,-65.08
00:30:56.56,123,808,626,-220080,-18900,3360,103,208,-102,1005.98,346.03,-12.92,-62.60
00:30:56.57,57,648,693,-204260,-18550,-1890,109,204,-117,1005.98,347.31,-11.82,-60.14
00:30:56.58,75,659,720,-191730,-16730,-4830,108,199,-120,1005.98,348.34,-10.95,-57.82
00:30:56.60,135,684,732,-199500,-13580,-4620,111,186,-139,1005.98,349.16,-10.38,-55.44
00:30:56.61,114,648,737,-209860,-11970,-3850,102,178,-145,1005.95,349.92,-9.86,-52.98
00:30:56.62,87,665,755,-223650,-9170,-3360,108,172,-153,1005.95,350.69,-9.26,-50.44
00:30:56.64,117,726,654,-240520,-6090,9170,108,153,-166,1005.95,351.18,-9.00,-47.98
00:30:56.65,100,619,678,-239470,140,8400,109,156,-177,1005.95,351.66,-8.68,-45.45
00:30:56.66,80,557,709,-237860,6300,2590,111,118,-196,1005.95,352.27,-8.19,-42.84
00:30:56.67,74,464,838,-211820,10290,-2170,108,117,-213,1005.95,352.86,-7.69,-40.29
00:30:56.68,110,426,884,-202230,13440,-2940,115,108,-217,1005.95,353.37,-7.27,-37.80
00:30:56.69,113,404,906,-200410,14980,-2520,117,96,-228,1005.98,353.86,-6.89,-35.33
00:30:56.70,107,429,907,-215600,14280,2240,105,85,-235,1005.98,354.27,-6.63,-32.81
00:30:56.71,72,430,796,-217980,15610,5530,111,76,-237,1005.98,354.64,-6.34,-30.42
00:30:56.73,40,338,814,-208390,17500,6300,117,63,-244,1005.98,355.02,-5.97,-28.01
00:30:56.74,55,300,870,-198520,21350,3500,120,45,-250,1005.99,355.41,-5.59,-25.62
00:30:56.75,157,403,977,-182770,25970,11830,117,37,-267,1005.99,355.66,-5.53,-23.48
00:30:56.76,109,355,1005,-173110,23800,15120,112,19,-271,1005.99,355.91,-5.41,-21.39
00:30:56.77,92,296,1007,-156450,15470,12670,124,0,-276,1005.99,356.24,-5.28,-19.38
00:30:56.78,91,363,953,-118510,-2590,6440,118,-6,-273,1005.98,356.58,-5.36,-17.95
00:30:56.80,62,341,905,-102760,-6160,9520,123,-12,-274,1005.98,356.89,-5.41,-16.69
00:30:56.81,30,247,872,-87850,-6440,11550,112,-18,-282,1005.98,357.18,-5.50,-15.48
00:30:56.82,49,147,839,-66150,3360,12110,112,-36,-274,1005.92,357.44,-5.51,-14.37
00:30:56.83,47,74,864,-53060,9100,13440,118,-30,-280,1005.92,357.67,-5.45,-13.32
00:30:56.84,57,34,920,-40880,13930,12250,112,-31,-294,1005.92,357.93,-5.43,-12.31
00:30:56.85,66,29,994,-35070,13230,10150,118,-27,-283,1005.92,358.13,-5.35,-11.42
00:30:56.87,74,-16,1016,-33670,4830,12740,120,-42,-291,1005.91,358.38,-5.37,-10.41
00:30:56.88,54,-48,1021,-35280,6510,13790,124,-46,-283,1005.91,358.58,-5.31,-9.38
00:30:56.89,59,-61,1061,-35140,7420,14210,130,-43,-289,1005.91,358.78,-5.22,-8.32
00:30:56.90,115,-131,1091,-36820,3220,8890,126,-51,-295,1005.91,359.04,-5.30,-7.11
00:30:56.91,103,-109,1095,-41580,3990,4900,120,-55,-297,1005.92,359.34,-5.37,-5.92
00:30:56.92,76,-53,1144,-47110,420,4410,123,-60,-294,1005.92,359.69,-5.45,-5.10
00:30:56.93,81,-53,1097,-56490,-7420,4480,117,-60,-286,1005.92,359.96,-5.55,-3.98
00:30:56.94,65,-64,1050,-53200,-8330,3920,127,-66,-294,1005.92,0.27,-5.62,-2.89
00:30:56.96,60,-60,1052,-43750,-8820,7560,120,-67,-292,1005.92,0.52,-5.71,-1.98
00:30:56.97,76,-94,1008,-37170,-5880,9730,117,-73,-297,1005.92,0.76,-5.84,-1.08
00:30:56.98,84,-92,1070,-37730,-490,2380,126,-69,-291,1005.92,1.02,-5.84,-0.26
00:30:56.99,119,-44,1069,-47600,-4900,4130,118,-79,-300,1005.92,1.36,-6.02,0.57
00:30:57.00,139,-8,1025,-59640,-5740,8680,115,-81,-300,1005.95,1.36,-6.14,1.16
00:30:57.01,125,5,1021,-70280,-3010,13370,121,-85,-292,1005.95,1.63,-6.27,2.08
00:30:57.02,122,-24,1087,-77490,-1330,23240,126,-93,-292,1005.95,1.84,-6.34,3.11
00:30:57.03,124,-67,1130,-80640,-4060,24360,115,-91,-297,1006.01,2.01,-6.49,4.19
00:30:57.05,122,-78,1145,-88900,-8050,23030,117,-103,-289,1006.01,2.21,-6.66,5.37
00:30:57.06,113,-89,1139,-100030,-13370,22610,124,-108,-291,1006.01,2.44,-6.86,6.68
00:30:57.07,97,-96,1081,-130060,-17710,23940,120,-117,-292,1006.01,2.72,-7.07,8.21
00:30:57.08,139,56,1031,-151550,-14910,33180,114,-135,-286,1005.98,3.08,-7.35,9.74
00:30:57.09,109,-41,980,-170520,-9730,48650,102,-151,-285,1005.98,3.34,-7.60,11.64
00:30:57.10,17,-291,988,-173180,-4970,42490,114,-160,-286,1005.98,3.52,-7.62,13.82
00:30:57.11,89,-283,1019,-173740,-6580,33600,114,-177,-291,1005.98,3.82,-7.78,15.89
00:30:57.12,142,-199,1049,-177310,-11270,33320,115,-187,-285,1005.91,4.19,-8.05,17.83
00:30:57.14,165,-84,1041,-188790,-17080,51730,123,-199,-277,1005.91,4.40,-8.29,19.66
00:30:57.15,137,-252,961,-212800,-21840,58100,115,-213,-282,1005.91,4.92,-8.75,22.15
00:30:57.16,116,-343,993,-212800,-21910,60620,115,-228,-267,1005.91,5.46,-9.16,24.74
00:30:57.17,139,-363,993,-210140,-21210,63630,115,-249,-267,1005.92,5.92,-9.56,27.18
00:30:57.18,120,-327,1023,-227360,-23940,71260,117,-280,-250,1005.92,6.17,-9.81,29.59
00:30:57.19,-17,-349,1064,-239470,-30380,76580,117,-288,-241,1005.92,6.30,-9.92,32.14
00:30:57.21,-35,-337,862,-252420,-32900,78050,121,-315,-226,1005.92,6.45,-10.06,34.91
00:30:57.22,-43,-328,657,-262430,-7140,76300,115,-334,-219,1005.93,6.93,-10.36,38.03
00:30:57.23,11,-353,638,-251440,2520,78750,129,-343,-214,1005.93,7.09,-10.38,40.94
00:30:57.24,11,-472,709,-233520,6230,80780,126,-361,-205,1005.93,7.08,-10.16,43.49
00:30:57.25,43,-506,766,-209580,-2870,75810,136,-369,-192,1005.93,6.99,-9.96,45.68
00:30:57.26,81,-536,733,-211190,-14350,77420,126,-390,-190,1005.93,6.98,-9.99,47.85
00:30:57.28,20,-661,762,-211330,-24990,82110,130,-400,-172,1005.93,6.80,-9.94,50.12
00:30:57.29,85,-760,533,-204190,-22890,79660,147,-411,-174,1005.93,6.57,-9.92,52.48
00:30:57.30,-63,-851,564,-208600,-29400,73220,148,-421,-154,1005.93,6.01,-9.62,54.91
00:30:57.31,-145,-824,482,-214760,-28630,67620,156,-444,-132,1005.93,5.30,-9.14,57.45
00:30:57.32,-132,-764,289,-238070,-4760,62300,160,-454,-114,1005.93,5.48,-9.22,60.09
00:30:57.33,-76,-806,120,-241920,15120,59570,166,-468,-99,1005.93,5.73,-9.18,62.76
00:30:57.35,-13,-916,136,-232470,33880,56280,181,-477,-82,1005.95,5.56,-8.63,65.67
00:30:57.35,-33,-1008,199,-210140,45850,53900,171,-484,-75,1005.95,5.10,-7.71,68.19
00:30:57.37,-57,-880,451,-166460,25690,53830,174,-490,-64,1005.95,4.30,-6.60,69.88
00:30:57.38,-29,-928,379,-153300,8260,55440,174,-493,-52,1005.95,3.39,-5.57,71.48
00:30:57.39,0,-984,311,-140910,-3220,57680,181,-498,-34,1005.95,2.30,-4.49,73.01
00:30:57.40,-75,-1064,354,-138040,-4060,50400,198,-504,-34,1005.95,1.25,-3.47,74.48
00:30:57.41,-96,-1037,361,-142240,-4340,44240,204,-505,-30,1005.95,359.65,-1.89,75.89
00:30:57.42,-86,-970,336,-145740,-4270,42420,201,-507,-6,1005.95,358.04,-0.27,77.32
00:30:57.44,-67,-950,220,-146510,-3710,39130,213,-519,1,1005.93,356.51,1.31,78.87
00:30:57.45,-144,-956,105,-145110,3220,33670,220,-517,12,1005.93,354.10,3.85,80.57
00:30:57.46,-168,-968,21,-147140,3570,33600,214,-513,24,1005.93,350.42,7.66,82.37
00:30:57.47,-187,-985,-40,-149030,2870,35910,217,-516,33,1005.92,343.90,14.29,84.16
00:30:57.48,-86,-977,-343,-124740,8470,37170,219,-525,45,1005.92,333.63,24.73,86.07
00:30:57.50,-95,-897,-232,-93030,19530,36610,222,-523,51,1005.92,316.34,42.28,87.20
00:30:57.51,-86,-774,-72,-81760,29400,36750,228,-532,58,1005.92,298.27,60.75,87.63
00:30:57.52,-138,-883,-53,-74900,44800,38220,229,-531,66,1005.91,275.17,84.33,87.52
00:30:57.53,-218,-972,-10,-68110,44870,35980,232,-535,69,1005.91,260.25,99.70,86.99
00:30:57.54,-188,-1012,-15,-61040,40460,30380,235,-531,76,1005.91,251.00,109.36,86.46
00:30:57.55,-51,-875,-176,-47460,47950,30030,243,-531,75,1005.91,242.42,118.46,86.00
00:30:57.57,-140,-890,-74,-51240,62090,32410,241,-534,75,1005.88,237.73,123.81,85.43
00:30:57.58,-197,-945,45,-56840,64960,30100,249,-532,78,1005.88,235.47,126.76,84.89
00:30:57.59,-144,-1128,162,-54600,47390,26320,243,-535,82,1005.88,230.68,132.13,84.52
00:30:57.60,-137,-1108,172,-48720,30030,20790,253,-538,96,1005.88,228.59,134.51,84.03
00:30:57.61,-130,-1034,87,-41440,14840,19320,256,-541,91,1005.88,229.53,133.72,83.74
00:30:57.62,-116,-939,-10,-32130,3850,17220,259,-540,87,1005.88,229.60,133.69,83.42
00:30:57.63,-132,-873,-38,-18200,-2030,24080,268,-544,93,1005.88,230.70,132.55,83.08
00:30:57.64,-189,-951,-91,-12320,-1750,23380,268,-537,102,1005.95,231.94,131.27,82.70
00:30:57.66,-249,-983,-166,-2170,-1400,19740,267,-546,96,1005.95,233.23,129.92,82.28
00:30:57.67,-263,-948,-209,15540,5880,17430,265,-541,97,1005.95,234.96,128.19,81.92
00:30:57.68,-243,-1031,-52,16380,9660,19250,267,-540,100,1005.95,237.80,125.43,81.74
00:30:57.69,-243,-1103,55,8890,8120,17850,265,-547,96,1005.97,239.03,124.29,81.64
00:30:57.70,-264,-1147,105,700,2100,13860,267,-547,94,1005.97,239.62,123.73,81.53
00:30:57.71,-249,-1150,94,-3150,-4900,9380,280,-546,93,1005.97,239.82,123.49,81.43
00:30:57.72,-215,-1063,-59,12600,-5110,1820,288,-546,105,1005.97,241.43,121.81,81.38
00:30:57.73,-205,-1005,-50,18270,-4130,-350,282,-543,102,1005.93,243.26,119.93,81.37
00:30:57.75,-226,-1024,-55,17710,-3360,-350,277,-540,102,1005.93,245.05,118.08,81.32
00:30:57.76,-245,-1052,-37,19390,-5670,-1890,282,-549,90,1005.93,247.09,115.97,81.27
00:30:57.77,-233,-1024,-55,25130,-8330,-5740,283,-552,97,1005.93,249.02,113.96,81.28
00:30:57.78,-241,-996,-84,33670,-10360,-7140,276,-550,81,1005.91,251.06,111.80,81.26
00:30:57.79,-261,-1043,-74,42280,-11480,-6650,283,-540,82,1005.91,253.75,109.00,81.24
00:30:57.80,-267,-1145,-44,43890,-12810,-9870,282,-546,87,1005.91,256.35,106.30,81.47
00:30:57.81,-269,-1127,-64,39620,-11620,-14280,276,-550,84,1005.91,258.73,103.83,81.70
00:30:57.82,-260,-1042,-48,32340,-8470,-16450,285,-547,79,1005.94,260.78,101.69,81.70
00:30:57.83,-231,-1031,-70,29260,-5250,-15750,283,-550,69,1005.94,262.17,100.25,81.71
00:30:57.85,-205,-1072,-4,47460,-7210,-19110,277,-546,70,1005.94,265.60,96.78,81.86
00:30:57.86,-211,-1010,34,46130,-11550,-20090,271,-540,61,1005.94,269.48,92.81,81.95
00:30:57.87,-206,-1015,34,41160,-14420,-18270,274,-541,61,1005.92,272.95,89.23,82.00
00:30:57.88,-197,-1072,31,38220,-15890,-20090,267,-546,66,1005.92,276.07,85.98,82.08
00:30:57.89,-196,-1053,46,38710,-15120,-24150,276,-544,61,1005.92,279.41,82.52,82.16
00:30:57.91,-179,-1019,64,38220,-12950,-27090,271,-534,60,1005.91,283.01,78.82,82.26
00:30:57.91,-165,-1004,87,37730,-11760,-28980,264,-538,52,1005.91,286.98,74.78,82.35
00:30:57.92,-169,-944,85,32340,-15960,-26530,261,-541,58,1005.91,290.38,71.25,82.37
00:30:57.94,-178,-957,63,33180,-20020,-23240,267,-535,52,1005.91,293.24,68.23,82.33
00:30:57.95,-197,-1001,36,34860,-23030,-22400,255,-532,46,1005.97,295.51,65.76,82.26
00:30:57.96,-197,-990,28,36050,-19880,-23030,261,-535,43,1005.97,297.64,63.47,82.19
00:30:57.97,-138,-846,61,40600,-16520,-18970,253,-532,46,1005.97,300.69,60.30,82.09
00:30:57.98,-146,-885,93,40320,-15540,-14140,255,-540,42,1005.97,303.71,57.16,81.89
00:30:57.99,-169,-957,127,39200,-17150,-11130,253,-534,42,1005.96,306.52,54.23,81.60
00:30:58.00,-188,-1023,163,27860,-22190,-8960,253,-529,34,1005.96,308.62,51.96,81.31
00:30:58.01,-200,-954,165,20720,-23380,-6720,250,-534,40,1005.96,309.99,50.41,81.01
00:30:58.03,-178,-880,157,15050,-23030,-3850,252,-528,34,1005.96,310.95,49.27,80.76
00:30:58.04,-136,-833,168,15750,-21420,-910,249,-541,42,1005.94,312.12,47.91,80.52
00:30:58.05,-93,-829,195,24850,-23660,1470,250,-531,33,1005.94,313.99,45.84,80.23
00:30:58.06,-82,-942,208,59570,-30450,-1050,252,-532,27,1005.94,317.27,42.28,79.74
00:30:58.07,-89,-974,172,78820,-37380,-2940,250,-541,22,1005.94,320.56,38.67,79.15
00:30:58.08,-113,-1031,176,100030,-43400,-4410,252,-526,12,1005.97,323.88,34.97,78.38
00:30:58.09,-157,-1090,204,122920,-49280,-8260,252,-534,6,1005.97,327.21,31.23,77.37
00:30:58.10,-146,-1036,194,183750,-58170,-25130,246,-528,3,1005.97,331.73,26.27,75.90
00:30:58.12,-119,-902,212,222250,-60060,-34090,247,-519,-24,1005.97,336.23,21.34,74.02
00:30:58.12,-108,-772,211,259630,-65240,-38990,241,-513,-27,1005.97,340.35,16.74,71.69
00:30:58.14,-109,-711,185,332010,-84280,-35000,249,-514,-52,1005.97,343.91,12.60,68.62
00:30:58.15,-148,-1139,197,356300,-89530,-36960,240,-495,-78,1005.97,346.61,9.25,65.22
00:30:58.16,-166,-1296,299,354690,-88830,-46760,235,-492,-99,1005.97,348.78,6.44,61.81
00:30:58.17,-170,-1242,449,323470,-87850,-57610,226,-487,-115,1005.99,350.58,4.03,58.68
00:30:58.18,-84,-933,493,239330,-80500,-60970,217,-472,-133,1005.99,351.93,2.18,56.50
00:30:58.19,-4,-752,382,214270,-70840,-54110,205,-457,-139,1005.99,353.14,0.55,54.52
00:30:58.21,21,-624,411,213150,-63420,-49840,205,-451,-156,1005.99,354.11,-0.78,52.52
00:30:58.22,-17,-673,279,277130,-28840,-52570,189,-432,-175,1005.98,354.94,-1.69,49.82
00:30:58.23,-114,-734,357,322140,-19180,-67760,183,-409,-198,1005.98,355.88,-2.56,46.68
00:30:58.24,-102,-699,385,364840,-12250,-78050,172,-391,-210,1005.98,356.85,-3.34,43.14
00:30:58.25,-73,-637,394,392980,-3640,-81620,168,-370,-235,1005.98,357.70,-3.94,39.28
00:30:58.26,-70,-479,610,395570,9100,-83160,166,-337,-259,1005.90,358.46,-4.31,35.37
00:30:58.27,-17,-391,757,367430,18970,-81830,163,-316,-268,1005.90,359.17,-4.33,31.69
00:30:58.28,51,-308,920,333410,29190,-67480,154,-288,-276,1005.90,359.81,-4.28,28.29
00:30:58.30,63,-375,1130,269850,30310,-57050,148,-276,-292,1005.88,0.49,-4.42,25.93
00:30:58.31,74,-338,1197,251090,20020,-52360,154,-255,-300,1005.88,1.08,-4.56,23.72
00:30:58.32,71,-328,1219,240660,7700,-46690,151,-228,-300,1005.88,1.53,-4.72,21.51
00:30:58.33,38,-368,1206,229390,-6020,-45920,147,-211,-309,1005.88,1.93,-4.99,19.38
00:30:58.34,-51,-367,1055,180110,-12600,-62230,141,-192,-312,1005.92,2.49,-5.03,17.70
00:30:58.35,10,-176,953,153370,-9520,-61950,136,-178,-309,1005.92,3.17,-5.23,16.23
00:30:58.36,3,-214,979,124600,-70,-51310,139,-154,-306,1005.92,3.75,-5.26,15.12
00:30:58.37,6,-71,940,102060,13720,-33880,138,-144,-319,1005.92,4.17,-5.15,14.03
00:30:58.39,-53,-20,856,52710,21630,-34790,130,-129,-309,1005.91,4.60,-4.84,13.34
00:30:58.40,-28,2,842,37310,27300,-34650,133,-130,-316,1005.91,5.00,-4.78,13.06
00:30:58.41,-19,32,890,33180,29190,-33250,135,-132,-316,1005.91,5.43,-4.44,12.50
00:30:58.42,23,175,946,25760,28000,-32060,141,-130,-315,1005.91,5.88,-4.15,11.82
00:30:58.43,10,167,1034,24780,25970,-28210,139,-133,-313,1005.93,6.37,-3.91,11.20
00:30:58.44,14,42,981,28350,19530,-25830,142,-124,-304,1005.93,6.86,-3.76,10.77
00:30:58.45,34,77,916,37170,23450,-26600,154,-118,-313,1005.93,7.43,-3.62,10.25
00:30:58.46,64,177,930,38990,29680,-18130,147,-111,-303,1005.93,7.71,-3.29,9.17
00:30:58.48,32,128,970,33250,34370,-12670,150,-112,-309,1005.94,8.19,-3.04,8.55
00:30:58.49,45,100,989,31710,43330,-5810,150,-114,-310,1005.94,8.61,-2.78,8.05
00:30:58.50,27,86,1047,32480,53830,700,150,-100,-315,1005.94,8.89,-2.41,7.50
00:30:58.51,37,51,1081,30800,73990,-8120,159,-109,-313,1005.94,9.32,-1.85,7.16
00:30:58.52,99,151,1251,19810,77210,-5950,169,-102,-316,1005.91,9.62,-1.23,7.21
00:30:58.53,108,118,1341,11970,68740,5530,174,-106,-316,1005.91,9.78,-0.66,7.32
00:30:58.54,93,91,1306,3430,56560,17920,183,-102,-324,1005.91,9.76,-0.17,7.44
00:30:58.55,-17,58,1123,-10290,52220,40110,178,-115,-328,1005.91,9.63,0.17,7.82
00:30:58.56,-74,141,768,-19880,71680,44310,183,-114,-327,1005.94,9.38,0.79,8.21
00:30:58.57,-143,58,863,-33950,93030,38080,187,-118,-331,1005.94,9.27,1.79,8.43
00:30:58.58,-86,1,995,-38080,105560,29890,195,-117,-333,1005.94,9.17,2.79,8.72
00:30:58.60,-71,-33,1045,-29330,114380,27650,214,-117,-330,1005.94,9.03,3.91,8.93
00:30:58.61,-79,111,789,2170,146440,39200,228,-118,-336,1005.97,8.72,5.37,8.94
00:30:58.62,-109,183,970,-4760,173250,35350,234,-121,-340,1005.97,8.56,7.08,8.59
00:30:58.63,-52,215,1152,-1400,176470,40040,252,-117,-348,1005.97,8.21,8.83,8.59
00:30:58.64,-136,82,1183,7630,157080,42700,270,-129,-351,1005.97,7.89,10.39,8.51
00:30:58.65,-349,-119,916,26600,153650,33950,280,-124,-349,1005.96,7.69,12.09,8.20
00:30:58.66,-292,-151,829,39060,158900,35560,289,-120,-355,1005.96,7.51,13.71,7.83
00:30:58.67,-292,-27,912,39760,163870,33180,301,-117,-351,1005.96,7.42,15.29,7.30
00:30:58.68,-320,-40,1058,39270,158760,34090,316,-112,-354,1005.96,7.31,16.75,6.77
00:30:58.69,-346,-238,952,56770,142380,17570,316,-114,-355,1005.93,7.41,18.02,6.43
00:30:58.71,-437,-151,883,59010,141470,11340,340,-106,-357,1005.93,7.60,19.43,5.96
00:30:58.72,-586,-128,783,52430,143290,12670,346,-109,-358,1005.93,7.80,21.08,5.53
00:30:58.73,-412,66,803,33460,161210,9100,366,-99,-349,1005.94,7.95,22.60,5.02
00:30:58.74,-462,135,906,13090,165340,10430,372,-106,-343,1005.94,8.08,24.09,4.63
00:30:58.75,-508,1,965,12740,162120,12390,400,-96,-345,1005.94,8.09,25.62,4.38
00:30:58.76,-608,60,904,18060,150220,770,415,-102,-358,1005.94,8.25,27.15,4.07
00:30:58.78,-626,231,688,14490,143500,11830,421,-97,-345,1005.94,8.32,28.72,3.54
00:30:58.79,-627,104,546,15470,147210,14350,430,-93,-345,1005.94,8.33,30.02,3.36
00:30:58.80,-693,179,593,17220,152460,9800,447,-96,-346,1005.94,8.47,31.74,2.88
00:30:58.81,-726,242,580,18200,153860,18130,459,-105,-336,1005.94,8.60,33.46,2.30
00:30:58.82,-794,3,632,29960,149730,13510,469,-97,-336,1005.92,8.83,35.16,1.97
00:30:58.83,-660,4,825,47810,144130,11340,471,-90,-331,1005.92,9.12,36.36,1.52
00:30:58.84,-551,58,891,63070,132370,12460,493,-88,-334,1005.92,9.45,37.22,0.88
00:30:58.85,-672,241,717,53760,129500,9240,498,-88,-324,1005.92,9.81,38.38,0.12
00:30:58.87,-760,112,617,45290,132230,10640,507,-78,-325,1005.93,10.11,39.78,-0.40
00:30:58.88,-879,-22,541,57120,132160,7560,516,-79,-319,1005.93,10.58,41.33,-0.80
00:30:58.89,-990,0,444,65870,131670,-5880,529,-72,-312,1005.93,11.27,43.02,-1.20
00:30:58.90,-856,401,330,40670,141260,-4200,541,-69,-304,1005.93,11.73,44.63,-1.94
00:30:58.91,-842,516,374,6720,154770,16170,556,-73,-303,1005.98,11.71,46.60,-2.78
00:30:58.92,-766,297,445,-9240,168560,30170,556,-61,-289,1005.98,11.45,48.50,-3.27
00:30:58.93,-874,44,867,30940,160370,15890,595,-67,-286,1005.98,11.58,50.11,-3.60
00:30:58.94,-919,81,838,38150,141610,6300,597,-54,-280,1005.98,11.84,51.54,-3.89
00:30:58.95,-919,121,631,35420,124670,3220,610,-48,-268,1005.99,12.10,52.80,-4.14
00:30:58.96,-990,307,347,21350,115080,4480,610,-48,-268,1005.99,12.28,54.35,-4.60
00:30:58.98,-972,426,127,3920,117040,14560,628,-49,-264,1005.99,12.26,56.09,-5.20
00:30:58.99,-968,48,514,27090,117180,32900,631,-43,-256,1005.99,12.36,57.39,-5.54
00:30:59.00,-803,47,713,39620,107940,26460,652,-34,-243,1005.95,12.51,58.23,-5.90
00:30:59.01,-808,47,837,33950,97580,22610,648,-28,-238,1005.95,12.68,59.23,-6.28
00:30:59.02,-959,53,741,20440,86170,23800,648,-28,-237,1005.95,12.74,60.09,-6.59
00:30:59.03,-1028,85,491,3150,79170,21280,664,-22,-226,1005.95,12.66,60.87,-6.79
00:30:59.04,-1018,167,331,-11830,79310,14490,666,-21,-226,1005.96,12.56,61.96,-6.91
00:30:59.05,-954,130,473,6860,86800,21420,670,-27,-219,1005.96,12.53,62.84,-7.13
00:30:59.06,-843,-97,528,33040,90440,6230,676,-15,-211,1005.96,12.86,63.64,-6.98
00:30:59.07,-781,123,625,39900,94290,-12740,688,-7,-202,1005.96,13.17,64.25,-7.07
00:30:59.08,-782,273,618,24710,97930,-16100,687,-16,-201,1005.95,13.27,64.86,-7.32
00:30:59.09,-905,106,429,10570,101570,-12530,687,-15,-184,1005.95,13.42,65.86,-7.22
00:30:59.10,-991,17,384,14910,101710,-24010,697,-18,-180,1005.95,13.74,66.97,-6.86
00:30:59.11,-981,43,386,23730,99470,-33390,709,-7,-184,1005.95,14.14,68.03,-6.50
00:30:59.12,-951,149,424,25200,96670,-36470,705,-12,-166,1005.95,14.47,68.94,-6.33
00:30:59.14,-865,277,338,11900,94500,-35420,708,-16,-166,1005.95,14.58,69.86,-6.39
00:30:59.15,-873,247,239,-17920,94850,-22330,726,-25,-157,1005.95,14.41,70.89,-6.41
00:30:59.16,-936,150,290,-20860,91210,-19390,730,-22,-150,1005.95,14.25,71.82,-6.25
00:30:59.17,-932,136,413,-23590,79380,-19670,727,-27,-147,1005.95,14.03,72.39,-6.06
00:30:59.18,-878,177,405,-26460,62020,-15540,732,-27,-147,1005.95,13.74,72.77,-5.99
00:30:59.19,-1055,104,33,-33460,50470,-16030,738,-37,-145,1005.95,13.53,73.69,-5.73
00:30:59.20,-1056,84,-145,-32340,58660,-25130,738,-36,-147,1005.95,13.38,74.93,-5.37
00:30:59.21,-998,104,-143,-36890,73850,-29540,745,-36,-127,1005.99,13.16,76.25,-5.02
00:30:59.22,-861,122,-64,-47530,90720,-27440,745,-37,-136,1005.99,12.77,77.54,-4.74
00:30:59.23,-744,97,390,-35490,90510,-9170,748,-48,-123,1005.99,12.44,78.42,-4.58
00:30:59.25,-706,266,513,-34160,70140,4060,762,-46,-115,1005.99,11.92,78.46,-4.95
00:30:59.26,-788,355,407,-47180,52150,19600,756,-42,-117,1005.95,11.22,78.52,-5.59
00:30:59.26,-1030,203,27,-72730,50050,16310,763,-46,-118,1005.95,10.45,79.21,-5.79
00:30:59.28,-1179,36,-276,-75390,58940,2310,762,-48,-103,1005.95,9.70,79.73,-5.67
00:30:59.29,-1266,128,-195,-58870,72800,-26460,768,-48,-94,1005.95,9.16,80.40,-5.31
00:30:59.30,-1150,147,-182,-54110,81410,-32270,774,-55,-96,1005.92,8.68,81.17,-4.91
00:30:59.31,-1023,209,-42,-51730,93170,-30170,778,-66,-93,1005.92,8.16,82.34,-4.77
00:30:59.32,-910,246,107,-56350,105210,-23660,783,-64,-85,1005.92,7.54,83.35,-4.78
00:30:59.33,-808,207,275,-57400,113610,-15960,786,-63,-70,1005.92,6.89,84.12,-4.83
00:30:59.34,-841,200,418,-35910,105980,-8260,787,-60,-79,1005.95,6.44,84.57,-4.96
00:30:59.35,-903,190,363,-25270,90650,-7070,801,-61,-60,1005.95,6.10,84.97,-5.09
00:30:59.36,-953,111,264,-17570,70000,-7070,802,-55,-49,1005.95,5.91,85.32,-5.05
00:30:59.37,-1068,57,121,-14980,50960,-8260,807,-60,-45,1005.95,5.79,85.74,-4.89
00:30:59.38,-1202,-80,-86,-28560,36470,-28210,814,-55,-42,1005.99,5.52,86.08,-4.59
00:30:59.39,-1170,-213,-235,-15610,35210,-38780,817,-66,-39,1005.99,5.39,86.42,-4.20
00:30:59.41,-1063,-85,-130,-15120,38360,-45990,820,-76,-30,1005.99,5.36,87.09,-3.45
00:30:59.42,-966,-43,-20,-22820,43330,-44660,820,-78,-27,1005.99,5.21,87.61,-2.83
00:30:59.42,-890,3,140,-24500,43050,-36820,826,-85,-24,1005.95,5.00,87.83,-2.38
00:30:59.44,-863,66,227,-29120,26600,-24710,820,-93,-21,1005.95,4.72,87.71,-2.19
00:30:59.45,-949,191,41,-31150,19600,-22540,823,-94,-27,1005.95,4.30,87.89,-2.31
00:30:59.46,-978,203,-84,-23450,14490,-21000,826,-96,-31,1005.95,3.95,88.26,-2.48
00:30:59.47,-970,237,-151,-10360,10010,-18550,840,-103,-28,1005.92,3.72,88.71,-2.73
00:30:59.48,-956,255,-142,2870,4830,-14630,837,-105,-18,1005.92,3.61,89.08,-3.04
00:30:59.49,-934,240,-170,18480,-7770,-3990,840,-115,-21,1005.92,3.68,89.36,-3.40
00:30:59.50,-952,186,-183,18550,-10920,2100,843,-121,-18,1005.92,3.79,89.62,-3.69
00:30:59.51,-985,121,-154,18410,-13580,7770,853,-111,-31,1005.92,3.95,89.78,-3.88
00:30:59.52,-991,44,-134,19320,-16730,12880,844,-114,-21,1005.92,4.15,89.88,-3.97
00:30:59.53,-987,-12,-116,19460,-19810,16800,853,-103,-33,1005.92,4.37,89.91,-3.98
00:30:59.55,-1007,-96,-72,20370,-27930,15820,849,-102,-33,1005.92,4.64,89.79,-3.80
00:30:59.55,-1014,-97,-110,20090,-31780,10360,864,-108,-43,1005.93,4.90,89.71,-3.56
00:30:59.57,-1043,-48,-154,13020,-34580,6580,858,-106,-43,1005.93,5.07,89.70,-3.39
00:30:59.58,-1088,-74,-194,7350,-37520,5110,862,-105,-49,1005.93,5.19,89.75,-3.15
00:30:59.59,-1138,-111,-233,14490,-44590,-3430,847,-115,-58,1005.93,5.34,89.31,-3.12
00:30:59.60,-1130,-65,-178,22680,-47950,-7910,853,-114,-51,1005.93,5.57,88.84,-3.05
00:30:59.61,-1079,-10,-78,31150,-50540,-11270,861,-117,-67,1005.97,5.90,88.58,-2.80
00:30:59.62,-1028,34,63,38500,-53270,-12950,849,-111,-67,1005.97,6.29,88.00,-2.66
00:30:59.63,-978,54,181,46410,-58100,-11970,843,-112,-76,1005.97,6.76,87.18,-2.58
00:30:59.64,-1002,177,260,42910,-74620,-1960,840,-118,-82,1005.97,7.19,86.09,-2.83
00:30:59.65,-1066,171,277,40250,-86170,4410,834,-115,-93,1005.94,7.58,84.91,-3.12
00:30:59.66,-1111,160,261,47880,-100940,6650,825,-114,-97,1005.94,8.05,83.93,-3.24
00:30:59.67,-1146,165,236,64330,-117880,3640,823,-115,-108,1005.94,8.69,82.78,-3.35
00:30:59.68,-1121,236,163,72030,-132300,1890,814,-109,-132,1005.94,9.40,81.50,-3.47
00:30:59.69,-941,233,64,65310,-143850,27930,801,-103,-141,1005.97,10.04,80.27,-4.16
00:30:59.71,-935,179,145,62230,-144200,45500,792,-91,-151,1005.97,10.61,78.93,-4.90
00:30:59.71,-988,145,253,56420,-146720,56700,781,-93,-157,1005.97,11.05,77.45,-5.66
00:30:59.73,-1072,142,355,47320,-153440,60130,765,-81,-162,1005.97,11.38,75.95,-6.35
00:30:59.74,-1187,160,444,39130,-165760,60900,757,-76,-181,1006.00,11.60,74.32,-7.04
00:30:59.75,-1218,-49,397,57330,-198590,50820,741,-69,-192,1006.00,12.01,72.38,-7.70
00:30:59.76,-1118,1,396,92750,-214970,37940,720,-63,-201,1006.00,12.78,70.34,-8.36
00:30:59.77,-966,72,423,126840,-227640,23940,700,-46,-219,1006.00,13.81,68.16,-8.84
00:30:59.78,-859,156,368,148120,-234080,16450,690,-45,-223,1005.95,15.13,66.05,-9.57
00:30:59.79,-833,228,232,140210,-227640,20300,672,-36,-238,1005.95,16.45,64.22,-10.48
00:30:59.80,-1099,279,163,96810,-196210,63420,655,-34,-246,1005.95,17.04,62.37,-11.49
00:30:59.81,-1130,180,45,88550,-184310,87570,645,-24,-252,1005.95,17.41,60.60,-12.68
00:30:59.82,-1091,108,-53,86100,-173740,98840,630,-15,-255,1005.94,17.99,59.97,-13.80
00:30:59.83,-1085,153,71,74060,-164570,99960,607,-10,-253,1005.94,18.39,59.18,-14.91
00:30:59.85,-844,216,304,35770,-156030,93940,586,-1,-256,1005.94,18.31,57.88,-15.87
00:30:59.86,-735,106,411,11690,-151970,73220,591,10,-267,1005.94,18.00,56.27,-16.55
00:30:59.87,-676,193,277,3080,-136080,59360,573,18,-267,1005.94,17.67,54.81,-17.06
00:30:59.88,-859,25,582,33810,-114170,66430,555,16,-279,1005.94,17.29,53.65,-17.18
00:30:59.89,-713,55,545,89250,-116480,50050,556,27,-279,1005.94,17.48,52.57,-17.61
00:30:59.90,-703,190,546,82110,-125790,43680,538,34,-289,1005.94,17.78,51.43,-18.24
00:30:59.91,-709,187,505,70140,-130200,46900,543,37,-276,1005.97,17.99,50.31,-18.82
00:30:59.92,-690,113,478,53690,-127400,45500,519,43,-280,1005.97,18.11,49.07,-19.51
00:30:59.93,-639,61,503,31920,-125510,33670,513,52,-277,1005.97,18.13,47.82,-19.98
00:30:59.94,-604,142,649,-3290,-125090,6370,505,51,-292,1005.97,17.75,46.36,-19.49
00:30:59.95,-665,161,762,-7490,-127330,-4270,493,54,-288,1005.99,17.41,44.88,-18.88
00:30:59.96,-733,285,784,70,-135450,-8540,478,48,-294,1005.99,17.38,43.51,-18.62
00:30:59.98,-731,444,584,7910,-136430,-5180,475,43,-303,1005.99,17.75,42.49,-18.99
00:30:59.99,-700,545,520,6300,-132650,-2660,465,48,-295,1005.99,18.26,41.59,-19.65
00:31:00.00,-442,632,644,2940,-120190,10150,450,54,-303,1005.97,18.51,40.26,-20.63
00:31:00.01,-232,636,863,-3920,-115640,17010,445,54,-315,1005.97,18.32,38.28,-21.52
00:31:00.02,-81,513,1029,-15750,-107660,16590,436,58,-303,1005.97,18.07,37.11,-21.50
00:31:00.03,-283,325,1317,-21070,-104860,3220,426,46,-303,1005.97,17.91,36.00,-21.35
00:31:00.04,-801,124,1227,-33110,-139160,-49700,417,48,-316,1005.96,18.16,34.39,-20.68
00:31:00.05,-869,243,982,-44450,-151340,-69860,400,40,-321,1005.96,18.54,32.78,-19.85
00:31:00.06,-773,500,814,-57820,-151410,-68740,393,45,-324,1005.96,18.84,31.18,-18.95
00:31:00.07,-730,577,817,-76510,-149800,-56210,384,36,-327,1005.96,18.96,29.58,-17.98
00:31:00.08,-918,344,992,-51590,-154700,-25970,372,28,-331,1005.94,18.95,27.92,-17.38
00:31:00.10,-743,447,862,630,-160230,17360,355,24,-336,1005.94,18.81,26.10,-17.40
00:31:00.10,-415,564,793,6790,-151340,51380,333,33,-325,1005.94,18.69,24.30,-18.31
00:31:00.12,-189,629,756,-23380,-134330,79450,322,34,-328,1005.94,18.10,22.40,-19.18
00:31:00.13,-301,741,982,-89810,-111930,140910,310,30,-334,1005.96,16.38,20.62,-18.81
00:31:00.14,-564,505,1049,-120820,-112140,144130,300,16,-330,1005.96,14.54,18.85,-18.09
00:31:00.15,-741,-57,880,-144830,-114730,92960,297,15,-324,1005.96,13.15,17.25,-16.97
00:31:00.16,-667,-461,781,-140770,-119840,-103810,279,1,-330,1005.96,13.78,16.18,-15.28
00:31:00.17,-433,31,1033,-103110,-118510,-176050,261,-9,-339,1005.96,15.25,15.32,-13.78
00:31:00.19,-370,562,1137,-91420,-118860,-178220,259,-7,-334,1005.96,16.78,14.44,-12.42
00:31:00.20,-450,923,1217,-72520,-119770,-121520,261,-3,-339,1005.96,17.81,13.43,-11.42
00:31:00.21,-206,1015,893,-41440,-130480,55020,232,-12,-328,1005.93,17.17,11.99,-11.13
00:31:00.22,-66,771,888,-57260,-126420,101570,216,-13,-325,1005.93,16.05,10.49,-10.76
00:31:00.23,-106,511,931,-74130,-126000,119210,201,-22,-337,1005.93,14.87,8.89,-10.67
00:31:00.24,-176,215,894,-77770,-126420,120680,178,-18,-327,1005.93,13.58,7.39,-10.11
00:31:00.25,-273,-307,1095,-46130,-122150,97790,174,-33,-322,1005.91,12.55,5.95,-9.73
00:31:00.26,-305,-364,1123,-61810,-122990,50890,159,-34,-319,1005.91,12.00,4.58,-9.12
00:31:00.28,-182,-237,911,-93660,-119560,-2380,145,-42,-316,1005.91,11.78,3.52,-7.32
00:31:00.29,88,69,804,-152600,-93100,-86660,142,-51,-309,1005.91,12.63,2.55,-5.63
00:31:00.30,-246,403,972,-127820,-93380,-77210,133,-46,-307,1005.89,13.58,1.84,-4.96
00:31:00.31,-270,819,817,-72940,-102900,-3010,129,-54,-309,1005.89,13.61,0.79,-4.22
00:31:00.32,123,730,670,-52710,-98350,73570,114,-57,-301,1005.89,13.22,-0.49,-5.05
00:31:00.33,145,-31,562,-50470,-88760,101640,103,-73,-298,1005.89,12.25,-1.54,-4.44
00:31:00.34,-56,-188,467,-40600,-84000,78330,100,-72,-286,1005.96,11.50,-2.47,-3.96
00:31:00.35,-106,-273,421,-32410,-76930,58100,91,-69,-277,1005.96,10.95,-3.31,-3.56
00:31:00.37,-24,-332,337,-39130,-58940,35280,87,-78,-283,1005.96,10.66,-3.98,-3.06
00:31:00.38,128,-191,415,-58380,-15120,-6160,72,-85,-283,1005.96,10.84,-4.24,-2.34
00:31:00.39,181,-138,470,-66920,8050,-16520,75,-79,-285,1005.94,11.13,-4.30,-1.55
00:31:00.40,96,-89,599,-64610,23940,-22400,69,-91,-285,1005.94,11.49,-4.22,-0.77
00:31:00.41,-18,-11,673,-47810,28770,-11830,75,-88,-289,1005.94,11.72,-4.05,-0.19
00:31:00.42,95,-121,750,-20580,34650,28910,85,-93,-298,1005.94,11.55,-3.88,0.19
00:31:00.43,145,-183,896,-19180,34790,32480,82,-109,-301,1005.94,11.36,-4.00,1.26
00:31:00.44,110,-114,1054,-23030,30450,35000,96,-109,-304,1005.94,11.23,-4.08,2.16
00:31:00.45,76,-88,1114,-24290,22610,41370,90,-105,-298,1005.94,11.07,-4.15,2.75
00:31:00.46,10,-208,986,-24080,15680,25970,90,-108,-301,1005.94,10.94,-4.13,3.77
00:31:00.48,-47,-217,876,-25060,20160,9310,94,-117,-309,1006.00,11.06,-4.08,4.92
00:31:00.49,-33,-156,889,-22050,28980,-2450,90,-117,-312,1006.00,11.49,-4.20,5.83
00:31:00.50,33,-64,1026,-17710,38080,-5530,93,-123,-310,1006.00,12.08,-4.36,6.34
00:31:00.51,60,54,1449,-24710,40040,26110,103,-124,-325,1006.00,12.40,-4.62,7.05
00:31:00.52,130,-35,1725,-41790,29470,41510,102,-118,-319,1005.94,12.45,-4.84,7.79
00:31:00.53,150,-124,1941,-52010,6160,47950,103,-138,-318,1005.94,12.54,-5.28,8.79
00:31:00.54,106,-192,1956,-47460,-24710,48300,108,-132,-322,1005.94,12.40,-5.79,9.54
00:31:00.55,-143,-234,1742,-7770,-79660,27300,100,-141,-325,1005.94,12.38,-6.81,9.85
00:31:00.57,-150,-143,1762,2520,-95830,17990,87,-141,-309,1005.95,12.38,-7.93,10.01
00:31:00.58,-131,-127,1938,11410,-108010,17290,84,-141,-313,1005.95,12.31,-9.11,10.04
00:31:00.58,-56,-171,2100,16800,-119980,17150,63,-135,-295,1005.95,12.18,-10.36,9.98
00:31:00.60,-175,-289,2095,24570,-161420,-6300,51,-124,-285,1005.95,12.25,-12.05,9.78
00:31:00.61,-204,-139,1964,27440,-188580,-16800,27,-109,-232,1005.98,12.41,-14.03,9.53
00:31:00.62,-115,36,1816,19320,-214550,-18270,13,-109,-214,1005.98,12.60,-16.29,9.38
00:31:00.63,90,169,1717,7980,-233660,-11270,18,-102,-193,1005.98,12.73,-18.69,9.35
00:31:00.64,104,166,1857,12670,-258510,8960,25,-99,-174,1005.98,12.63,-21.26,9.33
00:31:00.65,-62,26,1816,14490,-275170,3990,27,-90,-156,1005.92,12.53,-24.00,9.21
00:31:00.66,-177,-196,1596,10640,-293580,-18900,19,-97,-145,1005.92,12.66,-26.96,9.03
00:31:00.67,-422,-343,1443,8540,-316400,-43890,21,-100,-130,1005.92,13.00,-30.18,8.75
00:31:00.68,-492,-252,1204,31710,-340970,-36330,12,-103,-105,1005.92,13.14,-33.61,8.29
00:31:00.69,115,-70,771,38430,-336000,22750,10,-112,-102,1005.94,12.73,-36.91,8.10
00:31:00.71,263,59,841,30730,-324310,41370,-10,-120,-72,1005.94,12.29,-39.42,7.53
00:31:00.72,219,143,975,36540,-322350,58030,-12,-135,-54,1005.94,11.72,-41.61,6.79
00:31:00.73,4,77,826,34090,-330820,52360,-21,-142,-34,1005.94,11.10,-44.85,6.90
00:31:00.74,13,-52,476,19250,-339430,29750,-30,-154,-21,1005.96,10.75,-48.20,6.98
00:31:00.75,173,-60,406,17430,-329490,1820,-39,-165,-1,1005.96,10.60,-51.48,6.89
00:31:00.76,258,-119,244,15260,-313600,-8190,-48,-168,13,1005.96,10.52,-54.61,6.73
00:31:00.77,361,-113,283,17360,-294980,-16870,-51,-171,34,1005.96,10.47,-57.55,6.49
00:31:00.78,382,-58,260,33250,-280140,-13230,-51,-180,48,1005.92,10.25,-60.33,6.21
00:31:00.79,418,106,256,54950,-266420,4970,-57,-186,75,1005.92,9.77,-62.99,6.10
00:31:00.80,589,152,338,73710,-252490,30660,-52,-181,84,1005.92,9.00,-65.48,6.17
00:31:00.81,479,122,213,72800,-244300,49350,-60,-189,93,1005.92,8.17,-67.88,6.45
00:31:00.82,447,-21,125,68180,-246260,55580,-58,-195,109,1005.92,7.40,-70.34,6.91
00:31:00.83,497,-58,14,55720,-240030,53060,-54,-198,126,1005.92,6.80,-72.79,7.50
00:31:00.84,555,-50,182,40460,-225960,52500,-54,-210,141,1005.92,6.37,-75.11,8.13
00:31:00.85,663,-15,379,-350,-198240,43050,-55,-208,150,1005.92,6.36,-77.21,8.76
00:31:00.86,519,-56,13,-28910,-191730,24920,-45,-216,165,1005.96,6.79,-79.40,9.47
00:31:00.87,554,-50,-273,-46200,-182350,16100,-48,-213,181,1005.96,7.55,-81.71,10.31
00:31:00.89,615,-8,-320,-54390,-167300,15540,-49,-217,184,1005.96,8.34,-83.80,11.00
00:31:00.90,669,-29,-270,-54110,-150290,15330,-43,-217,204,1005.96,9.08,-85.68,11.56
00:31:00.91,721,-225,-160,-16100,-123410,3010,-48,-213,211,1005.93,9.54,-87.32,12.06
00:31:00.92,673,-292,-207,-7630,-112420,-7070,-36,-219,211,1005.93,10.10,-89.04,12.70
00:31:00.93,623,-356,-94,-11270,-100660,-18060,-37,-213,217,1005.93,10.70,-90.66,13.21
00:31:00.94,628,-342,123,-17710,-91490,-22470,-36,-213,222,1005.93,11.16,-91.97,13.37
00:31:00.95,796,-229,298,-14140,-91420,-2660,-37,-217,226,1005.89,11.27,-92.20,13.67
00:31:00.96,803,-244,207,-11830,-98280,-1050,-30,-208,243,1005.89,11.46,-92.78,14.09
00:31:00.98,713,-340,-25,490,-111650,-9940,-33,-219,246,1005.89,12.11,-94.71,14.76
00:31:00.99,776,-79,-564,3430,-114870,-18550,-30,-214,256,1005.89,14.09,-99.51,15.78
00:31:01.00,875,-30,-553,-17780,-94360,-7070,-22,-211,253,1005.93,15.77,-103.19,15.94
00:31:01.01,909,-98,-438,-32410,-69160,3080,-21,-205,271,1005.93,17.47,-106.02,16.23
00:31:01.02,893,-241,-187,-34230,-41230,4060,-24,-213,271,1005.93,18.67,-107.31,16.74
00:31:01.03,950,-262,-37,-29820,-38220,-2940,-13,-208,279,1005.93,19.22,-107.64,16.88
00:31:01.05,962,-257,54,-19040,-42140,-12740,-15,-217,273,1005.92,19.42,-107.63,16.84
00:31:01.06,864,-138,-228,-21840,-51450,-27860,-9,-207,282,1005.92,19.90,-108.52,16.45
00:31:01.07,910,-69,-379,-31360,-44870,-22610,-15,-202,286,1005.92,20.72,-109.81,15.92
00:31:01.08,950,-45,-424,-31080,-32270,-14140,-9,-204,289,1005.89,21.71,-111.16,15.43
00:31:01.09,968,-34,-232,-24220,-8750,-7070,-10,-205,292,1005.89,22.46,-111.70,14.99
00:31:01.10,966,-25,-112,-25130,-4550,-6300,-6,-202,286,1005.89,23.01,-111.75,14.51
00:31:01.12,975,-28,-116,-21280,-5880,-7840,-18,-193,289,1005.89,23.49,-111.81,14.04
00:31:01.13,990,78,-340,-14840,-1680,-15260,-16,-202,289,1005.88,24.12,-112.37,13.30
00:31:01.14,1012,67,-383,-12670,7140,-11200,-13,-193,292,1005.88,24.86,-112.98,12.67
00:31:01.15,1007,64,-267,-10500,17010,-4970,-7,-187,294,1005.88,25.49,-113.18,12.13
00:31:01.16,1006,-34,-51,-13510,25060,-350,-13,-199,291,1005.88,25.99,-112.77,11.91
00:31:01.17,1011,-60,-23,-15050,23170,-2170,-12,-195,292,1005.90,26.50,-112.31,11.74
00:31:01.19,1041,-73,10,-13020,19670,-3150,-13,-190,283,1005.90,26.90,-111.77,11.58
00:31:01.20,1032,-104,32,4970,9590,-11410,-19,-192,280,1005.90,27.12,-111.28,11.50
00:31:01.21,1023,-19,-95,12110,7210,-9310,-16,-192,292,1005.92,27.47,-111.19,11.26
00:31:01.22,1025,-11,-201,11620,9170,-5880,-19,-190,280,1005.92,27.99,-111.36,11.05
00:31:01.23,1019,-1,-244,13440,14630,-770,-21,-196,280,1005.92,28.59,-111.60,10.89
00:31:01.25,1012,23,-31,15330,24360,3010,-27,-192,282,1005.92,28.84,-111.15,10.71
00:31:01.26,1012,12,67,12530,24430,-1820,-21,-193,276,1005.88,28.97,-110.44,10.51
00:31:01.27,1051,37,71,9800,21420,-6020,-27,-199,277,1005.88,29.15,-109.77,10.20
00:31:01.28,1077,127,24,3220,14980,-2520,-24,-193,270,1005.88,29.42,-109.26,9.69
00:31:01.29,1064,171,-19,-4270,14280,980,-21,-199,277,1005.88,29.87,-108.91,9.11
00:31:01.30,1061,185,-87,-14000,15750,6160,-22,-195,274,1005.88,30.52,-108.73,8.53
00:31:01.32,1059,170,-153,-21770,19950,10150,-28,-190,277,1005.88,31.32,-108.71,8.04
00:31:01.33,985,96,-213,-14490,28070,18270,-25,-193,273,1005.88,32.17,-108.79,7.87
00:31:01.34,988,66,-235,-3430,32690,22400,-27,-192,274,1005.88,32.96,-108.88,7.84
00:31:01.35,999,34,-242,4200,39200,21840,-16,-195,270,1005.90,33.63,-108.85,7.89
00:31:01.36,958,-65,-241,24640,49000,13650,-21,-205,261,1005.90,34.17,-108.75,8.16
00:31:01.37,927,-79,-267,30940,52710,9100,-30,-204,255,1005.90,34.62,-108.66,8.42
00:31:01.38,891,-107,-320,28840,57750,6160,-24,-190,250,1005.90,35.04,-108.57,8.66
00:31:01.39,795,-185,-405,9520,75740,-3150,-33,-204,247,1005.92,36.05,-108.77,8.99
00:31:01.41,804,-143,-460,840,89040,-3920,-34,-196,238,1005.92,37.09,-108.87,9.18
00:31:01.42,851,-57,-459,-280,104650,5110,-31,-192,249,1005.92,37.98,-108.69,9.24
00:31:01.43,872,-71,-477,4550,120540,18410,-34,-201,232,1005.93,38.79,-108.27,9.45
00:31:01.44,638,-94,-614,16520,149380,34440,-40,-198,222,1005.93,39.97,-108.10,10.01
00:31:01.45,570,-186,-711,6230,170380,37170,-39,-205,210,1005.93,41.49,-107.98,10.79
00:31:01.46,512,-248,-697,-7560,196980,37310,-52,-210,184,1005.93,43.02,-107.46,11.61
00:31:01.48,474,-303,-446,-24920,249410,43820,-57,-208,171,1005.91,44.36,-105.64,12.31
00:31:01.49,407,-305,-242,-17500,267120,41020,-52,-210,159,1005.91,45.33,-103.45,12.94
00:31:01.50,405,-227,41,-5600,278390,32830,-55,-213,138,1005.91,45.62,-100.79,13.33
00:31:01.51,496,-208,381,10290,292600,5880,-61,-208,109,1005.91,45.59,-97.87,13.43
00:31:01.52,465,-246,407,27650,289660,-8400,-60,-204,100,1005.88,45.35,-94.94,13.42
00:31:01.53,353,-237,250,42280,283150,-24150,-58,-202,84,1005.88,44.99,-92.05,13.26
00:31:01.54,228,-172,13,50820,281890,-36540,-54,-193,58,1005.88,44.68,-89.21,13.06
00:31:01.55,141,-75,-177,54460,290500,-40180,-52,-187,46,1005.88,44.14,-86.19,12.64
00:31:01.56,5,86,24,48580,326830,-28000,-48,-174,13,1005.90,43.67,-82.82,12.32
00:31:01.57,46,-21,271,43050,348950,-21770,-33,-178,-1,1005.90,43.27,-79.25,12.04
00:31:01.58,48,-34,650,33880,368550,-18550,-27,-166,-24,1005.90,42.97,-75.50,11.79
00:31:01.59,-20,-58,994,32340,378280,-15260,-22,-156,-46,1005.90,42.26,-69.99,11.57
00:31:01.60,-57,-120,1036,40950,375340,-19740,-9,-142,-70,1005.92,41.59,-64.59,11.36
00:31:01.62,-1,24,1076,26460,363650,-47460,10,-135,-81,1005.92,41.18,-59.45,10.58
00:31:01.62,-79,108,1076,2870,352940,-59570,-353,-2,-195,1005.92,41.05,-54.66,9.21
00:31:01.64,-189,45,1016,-12250,343420,-70980,-339,22,-201,1005.92,41.24,-49.99,8.06
00:31:01.65,-344,209,1044,12250,325500,-71750,-324,33,-222,1005.90,41.31,-45.32,6.44
00:31:01.66,-250,410,1298,20370,317380,-53200,-314,39,-214,1005.90,41.59,-42.55,5.42
00:31:01.67,-20,486,1571,8890,313320,-27510,-303,48,-228,1005.90,41.81,-40.19,4.15
00:31:01.68,137,345,1722,-2170,307580,-2940,-324,58,-220,1005.90,41.97,-38.00,3.07
00:31:01.69,-93,-96,1823,-2310,268800,5530,-384,63,-247,1005.92,42.01,-35.71,2.69
00:31:01.71,-238,-186,1755,-1330,237720,630,-429,60,-288,1005.92,42.07,-33.60,2.45
00:31:01.72,-319,-222,1651,-7420,208250,-7000,-435,60,-343,1005.92,42.20,-31.73,2.25
00:31:01.73,-420,-164,1586,-22680,184800,-18900,-429,66,-403,1005.92,42.50,-30.03,2.20
00:31:01.74,-252,-104,1411,-59850,163940,-44450,-408,60,-451,1005.96,43.20,-28.55,2.34
00:31:01.75,-104,-21,1401,-53830,160300,-40600,-363,48,-480,1005.96,43.83,-27.14,2.42
00:31:01.76,-49,44,1391,-41510,156450,-30310,-314,30,-487,1005.96,44.32,-25.83,2.36
00:31:01.77,-87,72,1377,-31710,150290,-17780,-276,13,-495,1005.96,44.66,-24.71,2.07
00:31:01.78,-217,-103,1454,-1120,123200,3290,-245,19,-502,1005.95,44.66,-23.96,1.42
00:31:01.80,-207,-195,1479,9170,104790,5740,-222,-3,-498,1005.95,44.62,-23.50,0.58
00:31:01.80,-193,-266,1465,14210,87780,4060,-194,1,-492,1005.95,44.54,-23.15,-0.27
00:31:01.82,-260,-289,1508,14070,73780,-770,-179,-5,-490,1005.95,44.50,-22.89,-1.05
00:31:01.83,-350,-360,1463,1470,54530,-29400,-168,-3,-478,1005.94,44.76,-22.79,-1.78
00:31:01.84,-344,-279,1194,-3710,51730,-37590,-149,-11,-472,1005.94,45.10,-22.71,-2.51
00:31:01.85,-292,-143,1070,-6510,54040,-39060,-152,-6,-462,1005.94,45.50,-21.49,-2.88
00:31:01.86,-264,12,973,-14280,59780,-36190,-137,-9,-471,1005.94,45.92,-20.36,-3.50
00:31:01.87,-233,107,913,-26600,68950,-30310,-131,-18,-459,1005.94,46.41,-19.34,-4.23
00:31:01.89,-195,176,899,-21420,67270,-26670,-129,-26,-442,1005.94,46.95,-18.63,-5.24
00:31:01.90,-164,247,904,-10920,64190,-20090,-111,-33,-441,1005.94,47.44,-18.04,-6.42
00:31:01.91,-111,323,1030,3430,61740,-5320,-101,-30,-439,1005.97,47.79,-17.56,-7.79
00:31:01.92,-103,323,1102,7350,58450,2590,-90,-30,-444,1005.97,47.86,-17.75,-8.60
00:31:01.93,-154,279,1153,14770,52290,9030,-81,-35,-435,1005.97,47.83,-17.93,-9.34
00:31:01.94,-242,181,1134,28490,43260,10780,-80,-36,-441,1005.97,47.71,-18.11,-10.08
00:31:01.95,-439,127,958,55230,29890,980,-87,-35,-432,1005.96,48.02,-17.29,-11.05
00:31:01.96,-480,90,875,65520,27020,-2870,-89,-35,-433,1005.96,48.35,-16.39,-11.93
00:31:01.98,-418,20,814,75950,31920,-6160,-77,-30,-441,1005.96,48.62,-15.59,-12.78
00:31:01.99,-318,56,954,75390,50820,-9590,-83,-24,-427,1005.96,48.92,-14.85,-13.67
00:31:02.00,-319,75,1028,50960,58870,-6370,-72,-14,-436,1005.92,49.26,-13.93,-14.29
00:31:02.01,-334,33,1081,17220,62650,-770,-77,-24,-442,1005.92,49.33,-13.87,-14.77
00:31:02.02,-343,-43,1077,-4550,60830,5250,-71,-27,-444,1005.92,49.39,-13.79,-15.00
00:31:02.03,-429,-137,1131,-6650,51660,8260,-62,-12,-438,1005.92,49.36,-13.78,-15.24
00:31:02.04,-520,-133,1078,-7070,45220,2380,-53,-21,-429,1005.91,49.41,-13.82,-15.46
00:31:02.05,-547,-149,964,-4690,40250,-9730,-60,-26,-441,1005.91,50.08,-12.69,-15.17
00:31:02.07,-498,-111,905,-2590,38710,-22190,-51,-26,-438,1005.91,50.86,-11.73,-15.05
00:31:02.08,-345,64,957,1120,39340,-19180,-54,-27,-441,1005.91,51.57,-11.03,-15.21
00:31:02.09,-365,21,1011,1680,30870,-8750,-54,-30,-432,1005.90,52.27,-10.55,-15.32
00:31:02.10,-408,7,1029,2870,19530,-3920,-56,-29,-441,1005.90,53.01,-10.25,-15.50
00:31:02.11,-394,-23,978,5950,9800,1890,-56,-32,-435,1005.90,53.73,-10.18,-15.70
00:31:02.12,-422,-82,1002,9660,11130,70,-47,-29,-433,1005.92,54.42,-9.98,-15.87
00:31:02.14,-451,-159,1047,12740,9660,-5600,-48,-30,-433,1005.92,54.66,-10.66,-16.47
00:31:02.14,-441,-200,1084,1960,3360,-17780,-45,-23,-439,1005.92,54.96,-11.25,-16.98
00:31:02.16,-400,-144,1068,-14420,3150,-23800,-48,-30,-442,1005.92,55.37,-11.75,-17.25
00:31:02.17,-436,-70,1008,-29680,1050,-27510,-50,-32,-444,1005.94,56.51,-11.30,-17.04
00:31:02.18,-449,-28,928,-37310,840,-30520,-59,-41,-439,1005.94,57.78,-10.94,-16.85
00:31:02.19,-331,118,923,-35280,10010,-29050,-59,-50,-450,1005.94,58.86,-10.47,-16.71
00:31:02.20,-303,156,1015,-26460,8120,-24150,-48,-51,-435,1005.94,59.82,-10.02,-16.63
00:31:02.21,-275,176,1080,-16520,3220,-18410,-53,-51,-436,1005.94,60.23,-10.34,-16.75
00:31:02.23,-310,59,1136,15190,-14070,-12390,-59,-53,-441,1005.94,60.54,-10.89,-17.16
00:31:02.24,-344,11,1126,29680,-22820,-12600,-57,-45,-441,1005.94,60.76,-11.48,-17.71
00:31:02.25,-342,-24,1063,30730,-25130,-14350,-59,-50,-441,1005.94,61.50,-11.24,-17.89
00:31:02.26,-394,-82,1071,32130,-29260,-14420,-65,-47,-439,1005.94,61.69,-11.77,-18.38
00:31:02.27,-420,-56,943,38010,-31920,-19460,-62,-44,-447,1005.94,62.51,-11.52,-18.69
00:31:02.28,-363,-13,942,37100,-31220,-19530,-66,-35,-436,1005.94,63.35,-11.36,-19.06
00:31:02.30,-304,0,950,31150,-29470,-17990,-77,-36,-441,1005.94,64.21,-11.31,-19.39
00:31:02.31,-250,-22,904,17360,-27860,-17780,-77,-33,-451,1005.97,65.07,-11.29,-19.57
00:31:02.32,-298,-23,948,7560,-26180,-17640,-81,-36,-433,1005.97,66.19,-11.33,-19.74
00:31:02.33,-305,-31,913,-1260,-25760,-19320,-77,-29,-432,1005.97,67.30,-11.29,-19.90
00:31:02.34,-284,-44,1008,-12390,-24500,-22820,-84,-32,-435,1005.97,68.39,-11.16,-19.81
00:31:02.35,-301,-44,1059,-13930,-26670,-24570,-89,-33,-447,1005.97,69.48,-10.97,-19.69
00:31:02.37,-298,-5,1061,-12600,-31150,-26390,-92,-44,-441,1005.97,70.64,-10.83,-19.59
00:31:02.38,-266,48,1000,-5460,-39270,-27300,-92,-32,-430,1005.97,71.80,-10.87,-19.75
00:31:02.39,-268,56,963,4900,-41720,-26460,-93,-38,-420,1005.96,73.05,-10.97,-20.05
00:31:02.40,-285,41,976,12880,-42630,-25410,-101,-32,-433,1005.96,74.30,-11.02,-20.41
00:31:02.41,-284,-81,1013,14210,-46410,-28000,-101,-30,-427,1005.96,75.50,-11.07,-20.64
00:31:02.42,-268,-115,963,7420,-48580,-32060,-110,-26,-421,1005.96,76.76,-11.22,-20.84
00:31:02.44,-274,-92,881,-910,-47950,-32830,-111,-33,-424,1005.98,78.10,-11.34,-20.99
00:31:02.45,-268,-74,865,-12880,-38360,-27440,-119,-29,-430,1005.98,79.44,-11.35,-21.07
00:31:02.46,-271,-53,874,-15120,-35140,-25760,-116,-39,-423,1005.98,80.78,-11.30,-21.08
00:31:02.47,-240,12,885,-15050,-32060,-23730,-131,-35,-418,1005.96,82.11,-11.31,-21.15
00:31:02.48,-221,57,889,-12460,-30380,-19670,-119,-32,-417,1005.96,83.30,-11.25,-21.29
00:31:02.50,-220,78,869,-7770,-29260,-15540,-123,-26,-409,1005.96,84.47,-11.21,-21.53
00:31:02.51,-282,21,883,9940,-24220,-12390,-140,-38,-418,1005.96,85.66,-11.00,-21.71
00:31:02.52,-283,49,933,21280,-22120,-14770,-134,-44,-409,1005.93,86.88,-10.77,-21.97
00:31:02.53,-325,85,928,27580,-21490,-17640,-143,-32,-417,1005.93,88.12,-10.39,-22.33
00:31:02.54,-279,79,779,43750,-15120,-15540,-138,-32,-417,1005.93,88.42,-10.74,-23.01
00:31:02.55,-266,46,865,54110,-11900,-12110,-144,-27,-417,1005.93,89.35,-10.43,-23.55
00:31:02.57,-250,0,858,64680,-9730,-12110,-138,-17,-418,1005.96,90.22,-10.12,-24.19
00:31:02.58,-232,15,907,72730,-7070,-10710,-146,-12,-412,1005.96,91.07,-9.86,-24.88
00:31:02.59,-268,55,993,53200,420,-3570,-137,-8,-414,1005.96,91.95,-9.43,-25.38
00:31:02.60,-296,0,1062,42070,3430,-980,-143,-8,-414,1006.02,92.94,-8.93,-25.66
00:31:02.61,-388,44,2173,-27370,-39550,-4760,-150,-11,-414,1006.02,93.27,-9.61,-25.68
00:31:02.62,-186,-33,1019,-14350,-9800,630,-155,-14,-412,1006.02,94.00,-9.37,-25.32
00:31:02.64,-234,-42,1034,4760,-6860,4060,-150,-17,-412,1006.02,94.62,-9.07,-25.12
00:31:02.65,-210,-5,1004,19460,-5950,7630,-156,-12,-418,1006.00,95.14,-8.83,-25.11
00:31:02.66,-216,29,952,22400,4970,6720,-149,-6,-409,1006.00,95.74,-8.47,-25.19
00:31:02.67,-383,11,872,17220,14140,-1190,-153,0,-408,1006.00,96.60,-7.69,-25.18
00:31:02.68,-281,45,906,7980,18200,-2590,-147,-6,-414,1006.00,97.42,-7.04,-25.12
00:31:02.69,-190,53,960,210,18760,-910,-144,-3,-414,1005.99,98.17,-6.58,-25.04
00:31:02.70,-193,33,1012,2520,20020,140,-150,-5,-420,1005.99,98.99,-6.13,-24.94
00:31:02.71,-189,27,934,5880,21000,2170,-140,-9,-421,1005.99,99.78,-5.69,-24.90
00:31:02.73,-204,40,997,6580,23730,2940,-149,-2,-412,1005.99,100.77,-5.32,-24.95
00:31:02.74,-219,15,971,6650,23520,4620,-144,-6,-417,1005.99,101.47,-4.49,-24.55
00:31:02.75,-320,-36,900,3780,31080,-9030,-138,-6,-420,1005.99,102.55,-3.28,-24.03
00:31:02.76,-245,50,963,420,34720,-7910,-138,-2,-417,1005.99,103.76,-2.56,-23.93
00:31:02.77,-189,44,956,-3010,34650,-4550,-135,-3,-420,1005.99,104.74,-1.99,-23.79
00:31:02.78,-129,114,1008,770,32760,70,-129,-3,-418,1005.97,105.48,-1.58,-23.77
00:31:02.79,-132,72,1036,3080,29610,140,-122,-6,-426,1005.97,106.20,-1.15,-23.66
00:31:02.80,-175,128,1025,6860,22680,1610,-122,0,-427,1005.97,106.99,-0.75,-23.74
00:31:02.82,-189,169,1011,8820,16310,5460,-129,-3,-421,1005.97,107.81,-0.51,-23.90
00:31:02.83,-245,45,941,10640,12740,3640,-132,-6,-424,1005.95,108.83,-0.24,-23.96
00:31:02.84,-250,65,936,10150,17080,3780,-131,1,-430,1005.95,109.78,0.12,-24.05
00:31:02.85,-270,87,926,10010,23030,8610,-125,-6,-426,1005.95,110.67,0.57,-24.10
00:31:02.86,-305,26,984,12810,25410,18340,-123,-6,-427,1005.95,111.58,1.08,-24.06
00:31:02.87,-300,52,971,14280,20300,17570,-116,6,-424,1005.95,112.47,1.56,-24.17
00:31:02.89,-298,34,958,14000,15610,14140,-108,0,-426,1005.95,113.34,2.05,-24.20
00:31:02.89,-312,29,888,8820,14910,10290,-113,0,-420,1005.95,114.03,2.73,-23.83
00:31:02.91,-335,-8,907,-13440,17010,3430,-108,0,-427,1005.97,114.84,3.50,-23.15
00:31:02.92,-332,48,950,-19180,15470,1960,-107,-3,-421,1005.97,115.84,3.98,-22.89
00:31:02.93,-305,91,993,-16940,11690,2450,-104,-3,-435,1005.97,116.63,4.39,-22.66
00:31:02.94,-232,162,1012,-3710,-1750,1260,-108,-6,-433,1005.97,117.23,4.53,-22.57
00:31:02.95,-221,87,961,-910,-5740,-70,-117,1,-424,1005.95,117.93,4.58,-22.51
00:31:02.96,-265,81,908,-4900,-2170,-2380,-114,-2,-421,1005.95,118.72,4.74,-22.42
00:31:02.98,-282,37,953,-5810,1610,-1470,-113,-8,-424,1005.95,119.53,4.98,-22.21
00:31:02.99,-304,38,967,3570,3080,1540,-116,-6,-426,1005.95,120.41,5.24,-22.10
00:31:03.00,-292,64,938,6510,3990,2730,-108,-5,-430,1005.93,121.26,5.55,-22.09
00:31:03.01,-285,93,908,3780,6930,4200,-111,-14,-424,1005.93,122.01,5.84,-21.96
00:31:03.02,-279,109,894,-3850,11270,5880,-98,3,-430,1005.93,122.70,6.27,-21.86
00:31:03.03,-244,0,956,-13300,18830,4760,-108,-8,-426,1005.93,123.39,6.68,-21.40
00:31:03.04,-294,7,961,-4480,21140,-2100,-101,-9,-432,1005.95,124.22,7.20,-21.12
00:31:03.05,-311,41,964,1470,24990,140,-95,-6,-429,1005.95,125.03,7.75,-21.01
00:31:03.07,-342,65,946,5950,17850,2310,-99,-9,-426,1005.95,125.83,8.20,-20.92
00:31:03.08,-327,61,942,4130,14630,1400,-98,1,-433,1005.95,126.65,8.62,-20.90
00:31:03.08,-312,73,925,980,13300,350,-101,-15,-427,1005.98,127.36,8.95,-20.72
00:31:03.10,-319,58,935,-1540,13300,-490,-96,-2,-430,1005.98,127.90,9.41,-20.31
00:31:03.11,-327,50,945,-1680,12110,-910,-95,-17,-426,1005.98,128.46,9.88,-19.85
00:31:03.12,-326,54,941,-1190,11340,-1050,-93,-6,-427,1005.98,129.01,10.35,-19.38
00:31:03.13,-323,59,932,-1820,10850,-1540,-95,-6,-427,1005.94,129.56,10.81,-18.88
00:31:03.14,-324,64,930,-3780,10500,-2170,-99,-8,-424,1005.94,130.13,11.30,-18.31
00:31:03.16,-337,48,946,-5670,8890,-3080,-102,1,-426,1005.94,130.71,11.80,-17.67
00:31:03.17,-347,43,953,-4130,6790,-2870,-101,-2,-432,1005.95,131.27,12.26,-17.05
00:31:03.17,-349,45,953,-1610,4480,-1890,-86,-5,-429,1005.95,131.78,12.68,-16.48
00:31:03.19,-344,49,948,630,2660,-350,-92,-8,-432,1005.95,132.23,13.04,-15.96
00:31:03.20,-337,47,944,2870,1120,840,-92,-8,-424,1005.95,132.62,13.34,-15.51
00:31:03.21,-325,58,926,1890,1820,560,-90,-6,-430,1005.94,132.93,13.59,-15.14
00:31:03.22,-322,58,927,280,2730,-210,-84,-8,-427,1005.94,133.22,13.83,-14.78
00:31:03.23,-326,56,932,-1400,3360,-770,-90,-8,-426,1005.94,133.51,14.09,-14.37
00:31:03.24,-334,50,936,-1820,2800,-910,-96,-3,-421,1005.94,133.81,14.36,-13.91
00:31:03.25,-341,47,940,-770,2100,-490,-92,-8,-424,1005.91,134.10,14.63,-13.47
00:31:03.26,-339,49,940,420,1610,-70,-92,-8,-423,1005.91,134.36,14.87,-13.06
00:31:03.27,-335,50,936,1190,1330,210,-96,0,-427,1005.91,134.59,15.09,-12.69
00:31:03.28,-334,55,931,1260,1400,280,-90,-8,-429,1005.91,134.80,15.31,-12.33
00:31:03.29,-331,57,930,630,1680,70,-90,-3,-435,1005.91,134.99,15.50,-12.00
00:31:03.30,-332,56,935,-770,2030,-560,-92,-6,-427,1005.95,135.17,15.70,-11.65
00:31:03.32,-336,53,934,-910,1750,-630,-92,-9,-432,1005.95,135.34,15.89,-11.31
00:31:03.32,-337,50,936,-770,1470,-490,-95,-11,-423,1005.95,135.50,16.06,-10.98
00:31:03.33,-338,51,937,-420,1120,-350,-86,-9,-427,1005.95,135.65,16.23,-10.66
00:31:03.35,-336,51,936,140,980,-140,-92,-8,-430,1005.95,135.78,16.39,-10.36
00:31:03.35,-335,51,934,210,1050,-70,-87,-5,-427,1005.95,135.91,16.54,-10.08
00:31:03.37,-335,52,931,0,1190,-210,-89,-9,-429,1005.95,136.02,16.68,-9.81
00:31:03.37,-334,52,933,-280,1330,-350,-87,-8,-421,1005.95,136.13,16.82,-9.54
00:31:03.39,-336,52,936,-350,1260,-420,-96,-6,-430,1005.95,136.22,16.95,-9.29
00:31:03.40,-337,50,934,-420,1120,-420,-93,0,-420,1005.95,136.32,17.08,-9.04
00:31:03.41,-340,50,932,-210,1050,-280,-92,-11,-421,1005.95,136.41,17.21,-8.80
00:31:03.42,-337,52,932,-140,910,-140,-95,-8,-421,1005.95,136.48,17.32,-8.57
00:31:03.43,-334,54,932,70,980,-210,-92,-9,-432,1005.95,136.55,17.43,-8.36
00:31:03.44,-340,51,933,0,910,-70,-86,-8,-426,1005.95,136.62,17.54,-8.16
00:31:03.45,-332,57,933,0,770,-280,-86,-8,-429,1005.95,136.72,17.70,-7.80
00:31:03.46,-337,52,935,-210,770,-280,-90,-3,-424,1005.95,136.81,17.88,-7.42
00:31:03.47,-334,57,932,-140,700,-350,-87,-2,-427,1005.95,136.89,18.04,-7.08
00:31:03.48,-339,50,934,-350,840,-210,-86,-5,-420,1005.95,136.96,18.21,-6.72
00:31:03.49,-336,53,930,-140,840,-350,-87,-11,-421,1005.95,137.02,18.37,-6.40
00:31:03.50,-337,53,933,0,910,-350,-87,-15,-421,1005.95,137.08,18.51,-6.10
00:31:03.51,-340,51,935,-140,910,-210,-93,-5,-435,1005.95,137.12,18.66,-5.80
00:31:03.52,-338,52,932,70,630,-280,-93,-14,-427,1005.96,137.14,18.73,-5.66
00:31:03.53,-338,52,933,-210,560,-210,-92,-6,-430,1005.96,137.17,18.84,-5.42
00:31:03.54,-336,53,934,-210,420,-420,-89,-6,-427,1005.96,137.19,18.89,-5.30
00:31:03.55,-337,53,933,-420,560,-350,-86,-14,-432,1005.96,137.20,18.95,-5.18
00:31:03.56,-338,50,932,-350,700,-280,-93,-15,-420,1005.94,137.22,19.00,-5.07
00:31:03.57,-340,52,934,-70,770,-280,-86,-5,-429,1005.94,137.24,19.10,-4.89
00:31:03.58,-337,53,934,0,770,-70,-95,-8,-427,1005.94,137.25,19.14,-4.80
00:31:03.59,-339,51,934,70,560,-140,-99,-9,-426,1005.94,137.26,19.18,-4.71
00:31:03.60,-336,54,932,70,420,-140,-92,-9,-432,1005.96,137.26,19.22,-4.64
00:31:03.61,-339,53,932,-210,420,-280,-96,-11,-436,1005.96,137.28,19.29,-4.50
00:31:03.62,-340,52,933,-420,700,-420,-98,-5,-429,1005.96,137.28,19.33,-4.42
00:31:03.63,-340,52,931,-350,700,-350,-92,-5,-427,1005.96,137.29,19.37,-4.35
00:31:03.64,-341,52,933,-210,560,-280,-96,-6,-427,1006.00,137.30,19.40,-4.29
00:31:03.65,-337,53,934,0,350,-210,-96,-8,-427,1006.00,137.30,19.43,-4.24
00:31:03.66,-336,52,935,70,280,-140,-86,-8,-427,1006.00,137.30,19.44,-4.18
00:31:03.67,-336,52,932,70,210,-210,-96,-3,-435,1006.00,137.31,19.46,-4.13
00:31:03.68,-337,54,930,-350,490,-350,-89,-11,-430,1006.00,137.31,19.48,-4.08
00:31:03.69,-339,53,933,-420,770,-420,-87,-14,-427,1005.97,137.32,19.51,-4.04
00:31:03.71,-342,53,932,-420,840,-350,-89,-9,-424,1005.97,137.32,19.55,-3.99
00:31:03.71,-342,52,932,-140,840,-280,-89,-9,-429,1005.97,137.32,19.58,-3.95
00:31:03.73,-342,52,934,70,630,-210,-86,-11,-427,1005.97,137.33,19.61,-3.91
00:31:03.74,-339,52,934,0,0,-210,-92,-14,-429,1005.95,137.33,19.62,-3.87
00:31:03.75,-336,53,933,-210,-70,-350,-86,-6,-426,1005.95,137.33,19.63,-3.84
00:31:03.76,-336,51,933,-420,-70,-350,-99,-5,-423,1005.95,137.33,19.63,-3.80
00:31:03.77,-336,51,932,-490,210,-420,-92,-2,-439,1005.95,137.34,19.64,-3.76
00:31:03.78,-339,53,931,-420,560,-420,-95,-6,-429,1005.91,137.34,19.66,-3.73
00:31:03.79,-341,52,932,-210,770,-280,-96,-11,-435,1005.91,137.34,19.68,-3.70
00:31:03.80,-343,52,933,210,770,-140,-92,-9,-430,1005.91,137.34,19.71,-3.67
00:31:03.81,-341,54,934,210,490,-70,-86,-12,-427,1005.91,137.34,19.73,-3.65
00:31:03.82,-339,55,932,0,70,-210,-81,-9,-421,1005.87,137.35,19.74,-3.63
00:31:03.83,-337,55,934,-210,-140,-280,-93,-8,-430,1005.87,137.35,19.74,-3.61
00:31:03.84,-336,53,933,-490,-140,-490,-84,-9,-423,1005.87,137.35,19.74,-3.59
00:31:03.85,-339,52,931,-560,350,-350,-95,-15,-426,1005.87,137.35,19.75,-3.56
00:31:03.86,-340,52,932,-350,630,-350,-90,-8,-429,1005.92,137.35,19.77,-3.54
00:31:03.87,-341,51,934,-70,700,-210,-95,-5,-429,1005.92,137.35,19.78,-3.51
00:31:03.88,-342,51,932,140,630,-70,-84,-12,-433,1005.92,137.35,19.80,-3.49
00:31:03.89,-342,52,933,210,560,-70,-87,-6,-433,1005.92,137.35,19.82,-3.48
00:31:03.91,-341,52,935,0,280,-280,-86,-3,-420,1005.96,137.35,19.83,-3.46
00:31:03.91,-340,52,932,-420,70,-350,-99,-14,-429,1005.96,137.36,19.84,-3.44
00:31:03.92,-338,52,930,-490,70,-490,-87,-8,-432,1005.96,137.36,19.84,-3.42
00:31:03.94,-343,51,932,-630,210,-350,-87,-2,-433,1005.96,137.36,19.86,-3.39
00:31:03.94,-338,53,931,-420,280,-420,-99,-14,-421,1005.96,137.36,19.86,-3.38
00:31:03.96,-343,52,935,-350,490,-210,-92,-8,-430,1005.96,137.36,19.88,-3.36
00:31:03.97,-342,53,932,-140,280,-140,-86,-12,-426,1005.96,137.36,19.89,-3.35
00:31:03.98,-337,55,932,-70,140,-280,-89,-8,-429,1005.96,137.36,19.89,-3.34
00:31:03.99,-339,53,934,-280,210,-280,-99,-9,-430,1005.96,137.36,19.89,-3.32
00:31:04.00,-337,53,932,-280,210,-420,-96,-6,-415,1005.97,137.36,19.89,-3.30
00:31:04.01,-341,52,933,-350,280,-280,-98,-5,-432,1005.97,137.36,19.91,-3.27
00:31:04.02,-339,52,933,-280,350,-420,-90,-14,-432,1005.97,137.36,19.92,-3.25
00:31:04.03,-341,51,932,-140,420,-350,-95,-11,-429,1005.97,137.36,19.93,-3.22
00:31:04.04,-341,51,931,-210,490,-210,-92,-6,-424,1005.97,137.36,19.95,-3.19
00:31:04.05,-343,52,932,-210,350,-280,-92,-8,-430,1005.97,137.37,19.98,-3.17
00:31:04.06,-339,52,933,-210,280,-280,-87,-2,-433,1005.97,137.37,19.98,-3.16
00:31:04.07,-341,51,935,-280,140,-350,-83,-9,-426,1005.97,137.37,19.98,-3.13
00:31:04.08,-341,51,932,-420,0,-350,-89,-5,-426,1006.00,137.37,19.99,-3.12
00:31:04.09,-338,51,934,-280,0,-350,-89,-8,-430,1006.00,137.37,19.98,-3.10
00:31:04.10,-340,52,933,-280,210,-280,-84,-9,-433,1006.00,137.37,19.98,-3.09
00:31:04.11,-340,52,931,-140,350,-280,-89,-12,-426,1006.00,137.37,19.99,-3.08
00:31:04.12,-340,53,930,-70,420,-210,-92,-8,-432,1006.01,137.37,20.00,-3.08
00:31:04.13,-341,53,932,0,420,-210,-86,-11,-420,1006.01,137.37,20.01,-3.08
00:31:04.14,-341,53,933,-70,280,-280,-95,-5,-424,1006.01,137.37,20.01,-3.08
00:31:04.16,-341,54,931,-140,70,-280,-83,-9,-424,1006.01,137.37,20.02,-3.08
00:31:04.16,-339,53,933,-210,0,-350,-89,-12,-426,1005.96,137.37,20.02,-3.08
00:31:04.17,-339,53,932,-350,70,-350,-83,-8,-426,1005.96,137.37,20.01,-3.08
00:31:04.19,-340,53,932,-350,70,-350,-90,-3,-433,1005.96,137.37,20.02,-3.07
00:31:04.19,-340,52,932,-280,350,-350,-89,-3,-429,1005.96,137.37,20.02,-3.07
00:31:04.21,-339,52,933,-280,350,-280,-87,-2,-418,1005.93,137.37,20.02,-3.06
00:31:04.22,-340,51,933,-210,350,-350,-89,1,-429,1005.93,137.37,20.02,-3.05
00:31:04.23,-341,51,931,-210,210,-280,-93,-12,-426,1005.93,137.37,20.03,-3.04
00:31:04.24,-343,52,932,-280,280,-280,-89,-8,-429,1005.93,137.37,20.05,-3.03
00:31:04.25,-341,52,932,-280,210,-350,-83,-5,-432,1005.93,137.37,20.05,-3.03
00:31:04.26,-341,51,932,-210,210,-210,-98,-15,-417,1005.92,137.37,20.06,-3.02
00:31:04.27,-341,52,931,-140,70,-210,-81,-6,-432,1005.92,137.37,20.06,-3.02
00:31:04.28,-340,51,932,-210,70,-280,-92,1,-424,1005.92,137.37,20.06,-3.01
00:31:04.29,-339,53,932,-210,70,-280,-89,-5,-438,1005.92,137.37,20.05,-3.01
00:31:04.30,-339,50,932,-280,140,-350,-95,-3,-430,1005.98,137.37,20.04,-3.00
00:31:04.31,-341,52,932,-420,210,-280,-83,-9,-426,1005.98,137.37,20.05,-3.00
00:31:04.32,-338,52,932,-140,280,-280,-93,-14,-427,1005.98,137.37,20.04,-3.00
00:31:04.33,-340,49,933,-280,350,-280,-93,-12,-430,1005.98,137.37,20.04,-2.98
00:31:04.34,-341,55,932,-70,280,-210,-93,-8,-427,1006.00,137.37,20.04,-3.00
00:31:04.35,-342,53,932,-140,280,-210,-101,-11,-424,1006.00,137.37,20.06,-3.00
00:31:04.37,-343,54,931,-210,350,-210,-87,-2,-432,1006.00,137.37,20.07,-3.01
00:31:04.37,-341,53,931,-140,280,-350,-93,-2,-433,1006.00,137.37,20.08,-3.02
00:31:04.39,-343,52,932,-280,210,-280,-95,-6,-429,1005.96,137.37,20.09,-3.01
00:31:04.40,-341,55,932,-210,70,-350,-87,-6,-433,1005.96,137.37,20.09,-3.03
00:31:04.41,-340,52,933,-280,-70,-280,-93,-9,-429,1005.96,137.37,20.08,-3.03
00:31:04.42,-339,53,931,-280,0,-280,-92,-12,-427,1005.96,137.37,20.08,-3.03
00:31:04.43,-339,51,931,-350,140,-280,-87,-12,-430,1005.95,137.37,20.07,-3.02
00:31:04.44,-339,53,932,-350,350,-350,-83,3,-430,1005.95,137.37,20.07,-3.02
00:31:04.45,-340,51,932,-210,490,-280,-83,-12,-427,1005.95,137.37,20.07,-3.01
00:31:04.46,-342,51,932,-210,420,-280,-92,-5,-426,1005.95,137.37,20.07,-3.01
00:31:04.47,-342,50,933,-140,350,-280,-95,-11,-423,1005.96,137.37,20.08,-3.00
00:31:04.48,-341,53,931,-70,70,-210,-89,-8,-430,1005.96,137.37,20.08,-3.00
00:31:04.49,-340,50,930,-210,70,-280,-95,-8,-430,1005.96,137.37,20.08,-3.00
00:31:04.50,-342,52,928,-350,70,-280,-81,-15,-427,1005.96,137.37,20.09,-3.00
00:31:04.51,-341,54,933,-350,140,-350,-89,-8,-432,1005.96,137.37,20.09,-3.00
00:31:04.52,-339,48,933,-210,210,-350,-90,-5,-429,1005.97,137.37,20.08,-2.98
00:31:04.53,-341,52,931,-350,280,-350,-86,-6,-427,1005.97,137.37,20.08,-2.98
00:31:04.54,-339,48,933,-140,140,-280,-87,-9,-429,1005.97,137.37,20.07,-2.96
00:31:04.55,-340,54,930,-140,140,-210,-90,-11,-424,1005.97,137.37,20.07,-2.98
00:31:04.56,-342,51,932,-70,140,-280,-90,-5,-426,1005.99,137.37,20.08,-2.97
00:31:04.57,-338,51,932,-350,140,-350,-89,-6,-433,1005.99,137.37,20.06,-2.97
00:31:04.58,-341,51,931,-350,140,-350,-93,-9,-430,1005.99,137.37,20.07,-2.96
00:31:04.59,-341,53,932,-350,210,-280,-95,-6,-426,1005.99,137.37,20.07,-2.97
00:31:04.60,-342,54,930,-140,140,-280,-89,-5,-420,1006.01,137.37,20.08,-2.99
00:31:04.61,-344,52,932,70,210,-210,-86,-17,-424,1006.01,137.37,20.09,-2.99
00:31:04.62,-340,54,933,0,210,-210,-89,-12,-427,1006.01,137.37,20.09,-3.00
00:31:04.64,-342,54,933,0,70,-210,-86,-9,-427,1006.01,137.37,20.09,-3.00
00:31:04.64,-339,54,931,-70,140,-280,-84,-14,-432,1006.00,137.37,20.08,-3.01
00:31:04.66,-338,54,932,-420,0,-350,-86,-8,-421,1006.00,137.37,20.07,-3.02
00:31:04.67,-339,50,933,-350,0,-420,-90,-5,-426,1006.00,137.37,20.07,-3.01
00:31:04.67,-339,51,932,-420,140,-350,-90,-9,-429,1006.00,137.37,20.06,-3.00
00:31:04.69,-343,50,930,-210,280,-420,-92,-8,-426,1006.01,137.37,20.08,-2.99
00:31:04.70,-342,52,931,-210,490,-280,-96,-3,-426,1006.01,137.37,20.09,-2.99
00:31:04.71,-342,49,934,-70,490,-350,-96,-20,-424,1006.01,137.37,20.09,-2.98
00:31:04.72,-342,50,932,-70,0,-210,-89,-17,-421,1006.01,137.37,20.09,-2.98
00:31:04.73,-339,52,931,-280,-210,-280,-87,-11,-423,1006.01,137.37,20.09,-2.98
00:31:04.74,-339,52,933,-280,-350,-350,-90,-8,-423,1006.01,137.37,20.07,-2.98
00:31:04.75,-338,52,931,-350,0,-350,-93,-2,-435,1006.01,137.37,20.07,-2.98
00:31:04.76,-339,52,929,-280,210,-350,-86,-9,-424,1006.01,137.37,20.07,-2.98
00:31:04.77,-338,51,929,140,490,-350,-87,-6,-421,1006.01,137.37,20.07,-2.98
00:31:04.78,-346,57,935,-70,560,0,-87,-9,-436,1005.93,137.37,20.08,-2.99
00:31:04.79,-340,52,929,350,140,-350,-87,-5,-427,1005.93,137.37,20.08,-3.00
00:31:04.80,-345,54,933,-280,210,0,-92,-8,-423,1005.93,137.37,20.09,-3.00
00:31:04.81,-338,54,932,-70,-210,-630,-95,-2,-432,1005.93,137.37,20.08,-3.01
00:31:04.82,-340,53,933,-630,0,-280,-89,-11,-426,1005.93,137.37,20.08,-3.01
00:31:04.83,-341,51,930,-630,210,-350,-86,-14,-430,1005.93,137.37,20.08,-3.00
00:31:04.84,-343,48,934,-210,210,-490,-90,-11,-433,1005.93,137.37,20.08,-2.99
00:31:04.85,-340,51,931,-280,420,-210,-87,-17,-427,1005.93,137.37,20.09,-2.99
00:31:04.86,-343,48,933,140,350,-210,-93,-9,-429,1006.04,137.37,20.09,-2.98
00:31:04.87,-339,51,930,140,350,-140,-95,-6,-421,1006.04,137.37,20.09,-2.98
00:31:04.89,-338,53,930,-140,0,-210,-93,-8,-429,1006.04,137.37,20.08,-2.98
00:31:04.89,-342,51,934,-210,-70,-280,-86,-8,-420,1006.04,137.37,20.08,-2.98
00:31:04.91,-338,50,932,-210,0,-350,-89,-11,-429,1006.02,137.37,20.08,-2.98
00:31:04.92,-341,51,932,-280,70,-210,-87,-15,-423,1006.02,137.37,20.08,-2.98
00:31:04.92,-337,55,935,0,-70,-350,-95,-9,-430,1006.02,137.37,20.05,-2.99
00:31:04.94,-335,52,930,-140,280,-280,-90,-15,-426,1006.02,137.37,20.03,-2.99
00:31:04.95,-341,56,929,-140,490,-280,-90,-5,-426,1005.97,137.37,20.04,-3.00
00:31:04.96,-345,52,934,-140,630,-210,-87,-9,-415,1005.97,137.37,20.06,-3.00
00:31:04.97,-343,56,930,0,350,-350,-92,-12,-430,1005.97,137.37,20.07,-3.01
00:31:04.98,-345,53,933,-140,140,-210,-90,-8,-429,1005.97,137.37,20.08,-3.02
00:31:04.99,-340,53,933,-140,-280,-350,-89,-9,-429,1005.96,137.37,20.07,-3.02
00:31:05.00,-336,52,933,-420,-490,-490,-92,-12,-426,1005.96,137.38,20.05,-3.01
00:31:05.01,-337,49,932,-560,-70,-350,-84,-11,-429,1005.96,137.37,20.04,-3.00
00:31:05.02,-339,50,930,-350,210,-350,-86,-15,-427,1005.96,137.37,20.04,-3.00
00:31:05.03,-340,50,932,-210,560,-280,-83,-6,-426,1005.94,137.37,20.05,-2.99
00:31:05.04,-343,50,932,70,770,-210,-89,-6,-429,1005.94,137.37,20.06,-2.99
00:31:05.05,-344,50,933,140,350,-140,-95,-9,-432,1005.94,137.37,20.07,-2.99
00:31:05.06,-344,52,931,-70,-70,-210,-89,-5,-424,1005.94,137.37,20.08,-2.99
00:31:05.07,-342,53,932,-350,-280,-280,-89,-15,-430,1005.94,137.37,20.07,-2.99
00:31:05.08,-339,53,932,-350,-420,-350,-87,-15,-430,1005.97,137.37,20.07,-2.99